time,y1,y2,y3
0,1,0,0
0.01,0.9996002840968035,0.000036450405248016485,0.00036326549794852376
0.02,0.9992025707689727,0.00003637699597867682,0.0007610522350486478
0.03,0.9988064547620648,0.00003630399995811248,0.0011572412379771326
0.04,0.9984119239107779,0.00003623141360835508,0.001551844675613713
0.05,0.9980189661813977,0.000036159233371650344,0.001944874585230612
0.06,0.997627608731975,0.00003608746288904585,0.0023363038051359745
0.07,0.9972377226005645,0.000036016077211041883,0.0027262613222244223
0.08,0.9968494133234014,0.000035945094374539896,0.0031146415822240815
0.09,0.9964626303132381,0.000035874503824752,0.00350149518293713
0.1,0.9960773621676141,0.00003580430220340553,0.0038868335301824835
0.11,0.9956935976051906,0.00003573448619044434,0.00427066790861895
0.12,0.9953113254641023,0.00003566505250348973,0.004653009483394229
0.13,0.994930534700338,0.00003559599789731047,0.0050338693017647025
0.14,0.9945512143861542,0.000035527319163303534,0.00541325829468246
0.15,0.9941733914219597,0.00003545901994105685,0.005791149558099237
0.16,0.9937969419675226,0.000035391076657470946,0.0061676669558199775
0.17,0.9934219685749507,0.00003532350664701269,0.0065427079184023
0.18,0.9930484603362301,0.00003525630673307661,0.006916283357036858
0.19,0.992676295031431,0.0000351894537749027,0.007288515514794142
0.2,0.9923055742489463,0.00003512296488098302,0.007659302786172741
0.21,0.9919362874118004,0.0000350568369784759,0.008028655751221124
0.22,0.9915683138795229,0.000034991047346577035,0.008396695073130489
0.23,0.9912017542918654,0.00003492561287177729,0.008763320095262811
0.24,0.9908365983900411,0.000034860530580809196,0.009128541079378067
0.25,0.9904727270736656,0.0000347957781609123,0.00949247714817346
0.26,0.9901102400486779,0.0000347313722804846,0.009855028579041646
0.27,0.9897490913139435,0.00003466730367175134,0.010216241382384741
0.28,0.9893892714160428,0.000034603569588808364,0.010576125014368366
0.29,0.9890307709968132,0.00003454016731552406,0.01093468883587123
0.3,0.9886735807921173,0.000034477094165140246,0.011291942113717547
0.31,0.9883176916306304,0.00003441434747987691,0.011647894021889689
0.32,0.9879630944326574,0.000034351924630547065,0.012002553642712056
0.33,0.9876097802089501,0.00003428982301617323,0.012355929968033755
0.34,0.9872577400595623,0.00003422804006361479,0.012708031900374036
0.35000000000000003,0.9869069651727007,0.00003416657322719626,0.013058868254072091
0.36,0.9865574468236071,0.000034105419988343155,0.013408447756404525
0.37,0.9862091763734785,0.00003404457785522991,0.01375677904866628
0.38,0.9858621452683552,0.00003398404436242212,0.014103870687282328
0.39,0.985516345038063,0.00003392381707053184,0.01444973114486651
0.4,0.9851717672951639,0.00003386389356587714,0.014794368811270253
0.41000000000000003,0.9848284037339028,0.00003380427146014344,0.015137791994637067
0.42,0.9844862461292184,0.00003374494839005811,0.015480008922391519
0.43,0.9841452863357014,0.00003368592201705848,0.015821027742281522
0.44,0.9838055162866371,0.00003362719002697747,0.016160856523335872
0.45,0.9834669279930048,0.00003356875012972288,0.01649950325686544
0.46,0.9831295135425435,0.000033510600058972166,0.016836975857397508
0.47000000000000003,0.9827932650987766,0.00003345273757186063,0.017173282163651514
0.48,0.9824581749001089,0.000033395160448685684,0.017508429939442422
0.49,0.9821242352588883,0.000033337866492606,0.01784242687461914
0.5,0.9817914385605006,0.000033280853529350476,0.018175280585970097
0.51,0.9814597772624923,0.00003322411940693124,0.01850699861810073
0.52,0.9811292438936798,0.000033167661995360076,0.018837588444324805
0.53,0.9807998310533118,0.00003311147918637177,0.019167057467501816
0.54,0.9804715314101644,0.00003305556889314258,0.01949541302094245
0.55,0.980144337701771,0.000032999929050029244,0.019822662369178963
0.56,0.9798182427335232,0.00003294455761229247,0.02014881270886446
0.5700000000000001,0.9794932393779083,0.00003288945255584021,0.020473871169535827
0.58,0.9791693529115738,0.00003283461734788436,0.020797812471078307
0.59,0.9788465115555663,0.000032780039036878074,0.021120708405396777
0.6,0.9785247408248197,0.000032725721156383195,0.021442533454023957
0.61,0.9782040338522051,0.00003267166176234093,0.021763294486032547
0.62,0.9778843519213981,0.00003261785356256519,0.022083030225039324
0.63,0.9775657522203022,0.00003256430541194164,0.022401683474285883
0.64,0.9772481960513545,0.00003251101003078946,0.02271929293861472
0.65,0.9769316767956984,0.0000324579655511846,0.02303586523875045
0.66,0.9766161878947249,0.000032405170123655396,0.023351406935151416
0.67,0.9763017228493702,0.000032352621916953786,0.02366592452871282
0.68,0.9759882752194233,0.000032300319117833604,0.023979424461458836
0.6900000000000001,0.9756758386228473,0.00003224825993083138,0.02429191311722182
0.7000000000000001,0.9753644067350785,0.00003219644257804686,0.02460339682234344
0.71,0.9750540042820202,0.00003214487044471533,0.024913850847535127
0.72,0.974744562965932,0.00003209353147211818,0.025223343502595846
0.73,0.9744361077239262,0.000032042429103484125,0.025531849846970323
0.74,0.974128601756118,0.0000319915565540121,0.025839406687327947
0.75,0.9738221005101301,0.00003194092230383797,0.02614595856756609
0.76,0.9735165671962691,0.00003189051957761566,0.026451542284153272
0.77,0.9732119958742786,0.00003184034671459566,0.026756163779006758
0.78,0.9729083806563219,0.00003179040206997044,0.027059828941608126
0.79,0.9726057157063703,0.00003174068401468193,0.027362543609614987
0.8,0.9723039952396398,0.000031691190935237116,0.027664313569424923
0.81,0.9720032135219954,0.00003164192123352165,0.02796514455677111
0.8200000000000001,0.9717033648693905,0.000031592873326618676,0.028265042257282918
0.8300000000000001,0.9714044436473,0.00003154404564662878,0.028564012307053317
0.84,0.9711064740241924,0.000031495441490511164,0.028862030534317122
0.85,0.9708093908634902,0.00003144704959819501,0.029159162086911643
0.86,0.9705131889499965,0.00003139886851069201,0.02945541218149281
0.87,0.9702179220757828,0.00003135090635355242,0.02975072701786361
0.88,0.9699235551830535,0.000031303156802971915,0.030045141660143517
0.89,0.9696300829230085,0.00003125561837752349,0.030338661458614025
0.9,0.9693374999926104,0.0000312082896096046,0.030631291717779965
0.91,0.9690458011341258,0.00003116116904528422,0.030923037696828966
0.92,0.9687549811345832,0.00003111425524413803,0.031213904610172614
0.93,0.9684650348253266,0.00003106754677909878,0.03150389762789426
0.9400000000000001,0.9681759570814908,0.00003102104223629702,0.03179302187627286
0.9500000000000001,0.9678877428215323,0.00003097474021490957,0.032081282438252756
0.96,0.9676004156996117,0.000030928643927093815,0.03236865565646116
0.97,0.9673139132486834,0.00003088274277761123,0.032655204008538954
0.98,0.9670282307696747,0.00003083703546361546,0.03294093219486168
0.99,0.9667434204800778,0.000030791529775435594,0.03322578799014679
1,0.9664594489003046,0.000030746219795111975,0.03350980487990034
1.01,0.9661763111990973,0.00003070110419703767,0.033792987696705655
1.02,0.9658940025853356,0.00003065618166764499,0.034075341232996714
1.03,0.9656125183076273,0.00003061145090527268,0.03435687024146744
1.04,0.9653318536538698,0.00003056691062002996,0.03463757943551022
1.05,0.9650520039508513,0.00003052255953366632,0.034917473489615
1.06,0.9647729645638029,0.000030478396379437823,0.03519655703981766
1.07,0.9644947308960208,0.000030434419901979165,0.03547483468407724
1.08,0.9642172983884628,0.00003039062885717964,0.03575231098268
1.09,0.9639406625193252,0.00003034702201205268,0.03602899045866275
1.1,0.9636647912587609,0.000030303593811337325,0.03630490514742774
1.11,0.9633897353266627,0.000030260351728600562,0.036580004321608676
1.12,0.9631154626867588,0.000030217290211985667,0.036854320023029165
1.1300000000000001,0.9628419689623922,0.000030174408071791716,0.03712785662953605
1.1400000000000001,0.9625692498122342,0.000030131704128839274,0.03740061848363692
1.1500000000000001,0.9622973009299315,0.000030089177214357087,0.037672609892854154
1.16,0.9620261180437442,0.000030046826169868076,0.03794383513008597
1.17,0.9617556969161682,0.000030004649847073718,0.03821429843398468
1.18,0.9614860333436059,0.00002996264710774599,0.03848400400928632
1.19,0.9612171231559821,0.000029920816823612964,0.03875295602719432
1.2,0.960948935437666,0.000029879153718890857,0.03902118540861509
1.21,0.9606815197164985,0.000029837665016600353,0.03928864261848489
1.22,0.9604148450674937,0.000029796345443259088,0.039555358587062994
1.23,0.9601489074513552,0.000029755193909363154,0.03982133735473547
1.24,0.9598837028606318,0.000029714209334837015,0.04008658293003332
1.25,0.9596192273194178,0.000029673390648935602,0.04035109928993322
1.26,0.9593554768830097,0.000029632736790140387,0.04061489038020016
1.27,0.9590924476375917,0.00002959224670606112,0.040877960115702223
1.28,0.9588301356999466,0.00002955191935334105,0.04114031238070009
1.29,0.95856853721712,0.000029511753697556463,0.041401951029182454
1.3,0.9583076223125975,0.000029471744720624987,0.041662905942681905
1.31,0.9580474393705158,0.000029431899406619527,0.04192312873007754
1.32,0.9577879585026214,0.000029392212738839107,0.042182649284639724
1.33,0.9575291759740646,0.000029352683717661632,0.04244147134221772
1.34,0.9572710880787539,0.000029313311351931245,0.04269959860989413
1.35,0.957013691139101,0.000029274094658873114,0.042957034766240174
1.36,0.9567569815057351,0.00002923503266400528,0.04321378346160092
1.37,0.956500955557218,0.00002919612440105028,0.04346984831838092
1.3800000000000001,0.9562456096997703,0.000029157368911849882,0.0437252329313178
1.3900000000000001,0.9559909403670056,0.00002911876524628074,0.04397994086774812
1.4000000000000001,0.955736918653547,0.000029080308624403837,0.044234001037828555
1.41,0.9554835918459323,0.000029042005802388878,0.04448736614826527
1.42,0.9552309310250926,0.000029003852000908342,0.04474006512290649
1.43,0.9549789327315141,0.000028965846301144735,0.044992101422184724
1.44,0.9547275935317463,0.000028927987791905464,0.04524347848046179
1.45,0.9544769100181497,0.000028890275569542655,0.04549419970628074
1.46,0.9542268788086449,0.000028852708737875968,0.04574426848261725
1.47,0.953977496546471,0.00002881528640811608,0.04599368816712087
1.48,0.9537287598999221,0.00002877800769878637,0.046242462092379095
1.49,0.9534806655621527,0.000028740871735654883,0.046490593566111627
1.5,0.9532331855371856,0.000028703873959307453,0.04673811058885508
1.51,0.9529863660578608,0.000028667020908508457,0.04698496692123069
1.52,0.9527401791129587,0.00002863030802381507,0.047231190579017465
1.53,0.9524946214925399,0.000028593734459217086,0.047476784773000845
1.54,0.952249690010335,0.000028557299375582746,0.04772175269028942
1.55,0.9520053815035029,0.000028521001940588573,0.04796609749455652
1.56,0.951761692832399,0.000028484841328648083,0.04820982232627238
1.57,0.9515186208803827,0.000028448816720848384,0.0484529303028964
1.58,0.9512761625535692,0.000028412927304878085,0.04869542451912595
1.59,0.951034314780634,0.00002837717227496423,0.04893730804709099
1.6,0.9507930504188419,0.00002834154727631439,0.049178608033881806
1.61,0.9505524146891313,0.00002830605864025466,0.04941927925222842
1.62,0.9503123804322157,0.000028270702011422702,0.04965934886577291
1.6300000000000001,0.9500729446648949,0.000028235476609548262,0.04989881985849556
1.6400000000000001,0.9498341044254525,0.000028200381660573646,0.050137695192886966
1.6500000000000001,0.949595856773499,0.000028165416396598336,0.050375977810104396
1.6600000000000001,0.9493581987897489,0.000028130580055814162,0.050613670630195264
1.67,0.9491211275758474,0.000028095871882448784,0.05085077655227012
1.68,0.9488846402541449,0.000028061291126700744,0.051087298454728425
1.69,0.9486487339675334,0.000028026837044685605,0.05132323919542196
1.7,0.9484133823752365,0.000027992505471830996,0.051558625119291636
1.71,0.9481786297260352,0.00002795830254147755,0.05179341197142335
1.72,0.9479444496615949,0.000027924224088037903,0.052027626114317105
1.73,0.9477108394050543,0.000027890269390711756,0.05226127032555499
1.74,0.947477796199133,0.000027856437734326443,0.0524943473631327
1.75,0.9472453173060048,0.000027822728409289183,0.052726859965585904
1.76,0.9470134000070609,0.000027789140711524536,0.05295881085222756
1.77,0.9467820416027688,0.000027755673942425126,0.053190202723288775
1.78,0.9465512394124814,0.000027722327408797105,0.05342103826010978
1.79,0.9463209907743066,0.000027689100422812612,0.05365132012527054
1.8,0.9460912701025701,0.000027655988997059997,0.05388107390843284
1.81,0.9458621207116173,0.00002762299907584378,0.05411025628930681
1.82,0.9456335169974363,0.0000275901266703694,0.05433889287589338
1.83,0.9454054563713262,0.000027557371113741524,0.054566986257560034
1.84,0.9451779362624975,0.000027524731744176102,0.05479453900575836
1.85,0.9449509541178822,0.000027492207904947324,0.05502155367421284
1.86,0.9447245074019862,0.000027459798944341338,0.055248032799069445
1.87,0.944498593596743,0.00002742750421560827,0.05547397889904135
1.8800000000000001,0.944273210201348,0.000027395323076916454,0.05569939447557506
1.8900000000000001,0.9440483547320911,0.000027363254891301102,0.05592428201301756
1.9000000000000001,0.9438240023154353,0.000027331295836633202,0.056148666388728084
1.9100000000000001,0.9436001953672304,0.00002729945167667084,0.05637250518109294
1.92,0.9433769089949718,0.000027267718587594693,0.05659582328644056
1.93,0.943154140781893,0.000027236095951465013,0.05681862312215557
1.94,0.9429318883275882,0.000027204583154985617,0.057040907089256784
1.95,0.9427101492478844,0.000027173179589462295,0.05726267757252611
1.96,0.9424889211746739,0.000027141884650756668,0.05748393694067538
1.97,0.9422682017558085,0.000027110697739247794,0.057704687546452256
1.98,0.9420479886549129,0.000027079618259783897,0.05792493172682731
1.99,0.9418282795512909,0.000027048645621646235,0.05814467180308746
2,0.9416090502440252,0.000027017776157159772,0.05836393197981765
2.0100000000000002,0.9413903422846301,0.000026987015457572577,0.058582670699912284
2.02,0.9411721314527814,0.000026956359853271063,0.05880091218736528
2.0300000000000002,0.94095441548908,0.00002692580877085267,0.05901865870214916
2.04,0.9407371921491057,0.000026895361641142436,0.05923591248925319
2.05,0.9405204592033183,0.00002686501789915757,0.05945267577878256
2.06,0.9403042144368946,0.000026834776984064193,0.05966895078612133
2.07,0.9400884556496382,0.000026804638339144377,0.05988473971202269
2.08,0.939873180655826,0.000026774601411754248,0.06010004474276221
2.09,0.9396583872841051,0.00002674466565328993,0.060314868050241596
2.1,0.9394440519698746,0.000026714827540648493,0.06052923320258478
2.11,0.9392302154327187,0.000026685092500172503,0.060743099474781154
2.12,0.9390168540883083,0.000026655457006617064,0.06095649045468512
2.13,0.9388039658215195,0.000026625920527167272,0.06116940825795335
2.14,0.9385915485309781,0.000026596482532864384,0.06138185498648899
2.15,0.938379600128958,0.000026567142498573012,0.06159383272854338
2.16,0.9381681185412725,0.000026537899902947675,0.06180534355882458
2.17,0.9379571017071213,0.000026508754228393273,0.06201638953865028
2.18,0.9377465475790282,0.000026479704961038084,0.06222697271601076
2.19,0.9375364541227045,0.00002645075159069664,0.062437095125704827
2.2,0.9373267983763256,0.00002642189072979252,0.06264677973294461
2.21,0.9371176202584237,0.000026393127646965924,0.06285598661392933
2.22,0.9369088967872623,0.00002636445895233906,0.06306473875378536
2.23,0.936700625980208,0.00002633588415014536,0.06327303813564188
2.24,0.9364928058672825,0.00002630740274814401,0.0634808867299694
2.25,0.9362854344910435,0.000026279014257586777,0.0636882864946989
2.2600000000000002,0.936078509906505,0.00002625071819318975,0.06389523937530182
2.27,0.9358720301810101,0.00002622251407310039,0.06410174730491684
2.2800000000000002,0.9356659933941236,0.000026194401418865094,0.06430781220445754
2.29,0.9354603976375561,0.000026166379755403603,0.06451343598268854
2.3000000000000003,0.9352552205212923,0.000026138445822374222,0.06471864103288534
2.31,0.935050501192171,0.00002611060473753876,0.06492338820309143
2.32,0.9348462172401224,0.000026082853238121038,0.06512769990663948
2.33,0.9346423668044074,0.00002605519086223215,0.0653315780047304
2.34,0.9344389480359249,0.00002602761715120788,0.06553502434692393
2.35,0.9342359590971292,0.000026000131649582283,0.06573804077122122
2.36,0.9340333981619308,0.000025972733905058732,0.06594062910416418
2.37,0.9338312634156041,0.00002594542346848283,0.06614279116092744
2.38,0.9336295530546881,0.000025918199893814112,0.0663445287454181
2.39,0.9334282652869028,0.000025891062738099577,0.06654584365035908
2.4,0.9332273782653542,0.00002586400886061528,0.0667467577257852
2.41,0.9330269303930909,0.000025837043234701572,0.06694723256367437
2.42,0.9328268998031349,0.00002581016271710062,0.06714729003414796
2.43,0.9326272847470309,0.000025783366876944874,0.06734693188609212
2.44,0.9324280834870706,0.000025756655286324516,0.06754615985764305
2.45,0.9322292942961775,0.000025730027520258122,0.06774497567630224
2.46,0.9320309154578756,0.00002570348315667485,0.06794338105896769
2.47,0.9318329452661429,0.000025677021776381047,0.0681413777120807
2.48,0.9316353820253632,0.00002565064296304016,0.06833896733167373
2.49,0.9314382240502416,0.000025624346303148583,0.06853615160345528
2.5,0.9312414500103935,0.000025598128768591152,0.06873295186083792
2.5100000000000002,0.9310450975916443,0.000025571995194404326,0.06892933041316127
2.52,0.9308491454435617,0.00002554594254986368,0.06912530861388846
2.5300000000000002,0.9306535919213158,0.000025519970432555983,0.06932088810825164
2.54,0.9304584353899726,0.00002549407844277929,0.06951607053158458
2.5500000000000003,0.9302636742244395,0.00002546826618352272,0.06971085750937703
2.56,0.9300693068093802,0.000025442533260443447,0.06990525065735939
2.57,0.9298753315391526,0.000025416879281845063,0.07009925158156557
2.58,0.9296817468177143,0.000025391303858654036,0.07029286187842702
2.59,0.9294885510585621,0.000025365806604398665,0.07048608313483351
2.6,0.9292957234231214,0.00002534038459711527,0.0706789361922815
2.61,0.9291033009052722,0.00002531504253933099,0.07087138405218851
2.62,0.9289112626464888,0.00002528977750641898,0.07106344757600476
2.63,0.9287196070976566,0.000025264589122096206,0.07125512831322135
2.64,0.928528332718837,0.00002523947701257507,0.07144642780415048
2.65,0.9283374379791877,0.00002521444080654142,0.0716373475800058
2.66,0.9281469213568938,0.00002518948013513482,0.07182788916297106
2.67,0.9279567813390904,0.00002516459463192581,0.07201805406627765
2.68,0.9277670164218133,0.00002513978393289976,0.07220784379425385
2.69,0.9275776251099211,0.000025115047676434814,0.07239725984240242
2.7,0.9273885870336602,0.00002509038304075694,0.07258632258329901
2.71,0.9271999385190351,0.000025065794601374494,0.07277499568636348
2.72,0.9270116591764627,0.000025041279533810985,0.07296329954400352
2.73,0.9268237475454129,0.000025016837485820218,0.07315123561710132
2.74,0.9266362021738579,0.000024992468107453323,0.07333880535803465
2.75,0.9264490216181801,0.000024968171051037394,0.07352601021076886
2.7600000000000002,0.9262622044431288,0.000024943945971158663,0.07371285161090005
2.77,0.9260757492217448,0.00002491979252464266,0.07389933098573051
2.7800000000000002,0.9258896545353285,0.000024895710370540326,0.07408544975430101
2.79,0.9257039189733318,0.000024871699170103665,0.07427120932749808
2.8000000000000003,0.9255185226133797,0.00002484775619623314,0.07445662963042401
2.81,0.9253335011365577,0.000024823885902626315,0.07464167497753972
2.82,0.9251488346008242,0.000024800085559457353,0.07482636531361635
2.83,0.9249645216277311,0.000024776354836619473,0.07501070201743225
2.84,0.9247805608466967,0.000024752693406121614,0.07519468645989719
2.85,0.9245969508949535,0.00002472910094207192,0.0753783200041044
2.86,0.9244136904174951,0.00002470557712066214,0.07556160400538424
2.87,0.9242307780670026,0.000024682121620148548,0.07574453981137726
2.88,0.9240482125038081,0.000024658734120837806,0.07592712876207107
2.89,0.9238659923958311,0.00002463541430506949,0.07610937218986381
2.9,0.9236840982480603,0.000024612159535312543,0.07629128959240439
2.91,0.9235025651185018,0.000024588974148385915,0.0764728459073498
2.92,0.9233213734927026,0.000024565855504023647,0.07665406065179338
2.93,0.9231405220683616,0.000024542803292536814,0.07683493512834585
2.94,0.9229600095504722,0.000024519817206188086,0.07701547063232161
2.95,0.9227798346513045,0.00002449689693918067,0.0771956684517563
2.96,0.9225999960903086,0.000024474042187637505,0.07737552986750373
2.97,0.9224204925941019,0.000024451252649591268,0.07755505615324855
2.98,0.9222413228963878,0.000024428528024965573,0.07773424857558721
2.99,0.9220624857379188,0.000024405868015561725,0.07791310839406561
3,0.9218839620323807,0.00002438327006868152,0.07809165469755067
3.0100000000000002,0.9217057862355312,0.00002436073840895036,0.07826985302605982
3.02,0.9215279392418256,0.00002433827048093433,0.07844772248769344
3.0300000000000002,0.9213504198196911,0.000024315865993798884,0.07862526431431507
3.04,0.9211732267443604,0.000024293524658515746,0.07880247973098106
3.0500000000000003,0.9209963587977936,0.000024271246187845777,0.07897936995601854
3.06,0.9208198147686593,0.000024249030296327978,0.07915593620104441
3.0700000000000003,0.9206435934522734,0.000024226876700264948,0.0793321796710263
3.08,0.9204676936505374,0.00002420478511770659,0.07950810156434492
3.09,0.9202921141719248,0.00002418275526844167,0.07968370307280676
3.1,0.9201168363212965,0.00002416078468020488,0.07985900289402331
3.11,0.9199418939720573,0.000024138877469871894,0.08003396715047285
3.12,0.9197672684100785,0.000024117031162450417,0.08020861455875905
3.13,0.9195929584695895,0.000024095245484541087,0.08038294628492591
3.14,0.9194189629911221,0.000024073520164412206,0.08055696348871345
3.15,0.9192452808214999,0.000024051854931990965,0.08073066732356808
3.16,0.9190719108137749,0.000024030249518848476,0.08090405893670623
3.17,0.9188988518271978,0.000024008703658189267,0.08107713946914404
3.18,0.9187261027271443,0.00002398721708483452,0.08124991005577088
3.19,0.9185536623851118,0.00002396578953521527,0.08142237182535296
3.2,0.9183815124807256,0.00002394441861340745,0.08159454310066096
3.21,0.9182096863240107,0.0000239231083327557,0.08176639056765657
3.22,0.9180381655758746,0.00002390185629462651,0.08193793256783079
3.23,0.9178669491317955,0.000023880662241757856,0.0821091702059628
3.24,0.9176960358931435,0.000023859525918435066,0.08228010458093804
3.25,0.9175254247671444,0.000023838447070479495,0.08245073678578514
3.2600000000000002,0.9173551146668243,0.00002381742544523526,0.08262106790773048
3.27,0.917185104510997,0.000023796460791560724,0.08279109902821144
3.2800000000000002,0.9170153932241788,0.00002377555285981255,0.08296083122296138
3.29,0.9168459797365964,0.00002375470140183936,0.08313026556200173
3.3000000000000003,0.9166768460872461,0.000023733904094247575,0.08329942000865967
3.31,0.9165080250408763,0.000023713164850857233,0.08346826179427289
3.3200000000000003,0.9163394986180462,0.000023692481345588482,0.0836368089006082
3.33,0.9161712657713446,0.000023671853336137623,0.0838050623753193
3.34,0.9160033254588595,0.00002365128058163595,0.08397302326055882
3.35,0.9158356766441329,0.000023630762842638537,0.08414069259302447
3.36,0.9156683182961329,0.000023610299881114738,0.08430807140398595
3.37,0.9155012493892051,0.000023589891460436185,0.08447516071933449
3.38,0.9153344689030555,0.00002356953734536886,0.08464196155959916
3.39,0.9151679758226846,0.000023549237302059192,0.08480847494001333
3.4,0.915001752531998,0.000023528989076091258,0.0849747184789259
3.41,0.9148358312677645,0.00002350879648556745,0.08514065993574997
3.42,0.9146701943957344,0.00002348865727341288,0.0853063169469922
3.43,0.9145048409218048,0.000023468571211203998,0.08547169050698396
3.44,0.9143397698569953,0.000023448538071848307,0.08563678160493288
3.45,0.9141749802174262,0.000023428557629576103,0.08580159122494427
3.46,0.9140104710242886,0.00002340862965993136,0.0859661203460515
3.47,0.9138462413037953,0.000023388753939760273,0.08613036994226492
3.48,0.9136822900871528,0.000023368930247202992,0.08629434098259994
3.49,0.9135186164105464,0.00002334915836168383,0.08645803443109187
3.5,0.9133552029891575,0.000023329436094445142,0.08662146757474805
3.5100000000000002,0.9131920815483215,0.00002330976717149235,0.08678460868450696
3.52,0.913029234785381,0.00002329014940144191,0.08694747506521755
3.5300000000000002,0.9128666617560228,0.000023270582568762286,0.08711006766140841
3.54,0.9127043615207433,0.000023251066459161004,0.08727238741279754
3.5500000000000003,0.9125423331447915,0.000023231600859573968,0.08743443525434894
3.56,0.9123805756981588,0.000023212185558158012,0.08759621211628306
3.5700000000000003,0.9122190882555437,0.000023192820344282156,0.08775771892411206
3.58,0.9120578698963109,0.000023173505008517883,0.0879189565986806
3.59,0.9118969197044688,0.00002315423934263092,0.08807992605618853
3.6,0.9117362207136656,0.000023135021220418446,0.08824064426511402
3.61,0.9115758041536254,0.000023115854279233655,0.08840107999209539
3.62,0.9114156530404477,0.00002309673639028386,0.08856125022316202
3.63,0.9112557664764014,0.00002307766735002722,0.08872115585624858
3.64,0.9110961435682509,0.000023058646956074974,0.08888079778479306
3.65,0.9109367834272116,0.000023039675007181014,0.0890401768977812
3.66,0.9107776851689359,0.000023020751303235665,0.08919929407976089
3.67,0.9106188479134789,0.000023001875645257206,0.08935815021087583
3.68,0.910460270785272,0.000022983047835383864,0.08951674616689259
3.69,0.9103019529130852,0.00002296426767686484,0.08967508281923789
3.7,0.9101438776369534,0.000022945533103150252,0.08983317682994348
3.71,0.9099860757060838,0.000022926847666214277,0.08999099744624998
3.72,0.9098285304432658,0.00002290820929695598,0.0901485613474372
3.73,0.9096712409943584,0.000022889617802992518,0.09030586938783865
3.74,0.909514206509479,0.000022871072993020602,0.09046292241752797
3.75,0.9093574261428728,0.000022852574676796348,0.09061972128245036
3.7600000000000002,0.9092008990529576,0.00002283412266513667,0.09077626682437721
3.77,0.9090446244022703,0.000022815716769908368,0.0909325598809598
3.7800000000000002,0.9088886013574515,0.0000227973568040222,0.09108860128574445
3.79,0.9087328290892118,0.000022779042581424874,0.09124439186820675
3.8000000000000003,0.908577291232551,0.000022760772092497747,0.09139994799535646
3.81,0.9084220180706442,0.00002274254880695589,0.0915552393805489
3.8200000000000003,0.9082669932215509,0.000022724370712670418,0.09171028240773642
3.83,0.9081122158720122,0.000022706237627660664,0.09186507789036015
3.84,0.9079576852127201,0.00002268814937094752,0.09201962663790891
3.85,0.9078034004382831,0.000022670105762545323,0.09217392945595435
3.86,0.9076493607472048,0.00002265210662345502,0.09232798714617173
3.87,0.9074955653418616,0.000022634151775658655,0.09248180050636275
3.88,0.9073420134284615,0.000022616241042109017,0.09263537033049635
3.89,0.9071887042170435,0.000022598374246727253,0.09278869740870982
3.9,0.9070356216267913,0.000022580549434274415,0.09294179782377443
3.91,0.9068827954887008,0.000022562769995175715,0.09309464174130405
3.92,0.9067302097053187,0.000022545033971724168,0.09324724526070957
3.93,0.9065778635017266,0.000022527341191640895,0.09339960915708172
3.94,0.9064257561067098,0.000022509691483581275,0.09355173420180658
3.95,0.906273886752731,0.0000224920846771279,0.09370362116259186
3.96,0.906122254675911,0.000022474520602785015,0.0938552708034862
3.97,0.9059708591159973,0.000022456999091970762,0.09400668388491075
3.98,0.9058196993163594,0.000022439519977013524,0.09415786116366356
3.99,0.9056687745239397,0.000022422083091142443,0.09430880339296918
4,0.9055180689318945,0.00002240468653110011,0.09445952638157444
4.01,0.9053676119323326,0.000022387333610854485,0.09461000073405652
4.0200000000000005,0.9052173877020644,0.00002237002242472223,0.09476024227551089
4.03,0.9050673955021766,0.000022352752809483668,0.09491025174501388
4.04,0.9049176345972307,0.000022335524602791077,0.09506002987816647
4.05,0.9047681042552398,0.000022318337643162644,0.09520957740711705
4.0600000000000005,0.9046188037476504,0.000022301191769977314,0.09535889506057967
4.07,0.9044697323493259,0.000022284086823469166,0.09550798356385061
4.08,0.9043208893385247,0.000022267022644721617,0.09565684363883055
4.09,0.9041722739968799,0.000022249999075662176,0.0958054760040444
4.1,0.9040238707818455,0.00002223301426276003,0.0959538962038917
4.11,0.9038757086593555,0.000022216071446222845,0.09610207526919826
4.12,0.9037277720708513,0.000022199168770142256,0.09625002876037855
4.13,0.9035800603112446,0.000022182306079763127,0.09639775738267563
4.14,0.9034325726787231,0.000022165483221146977,0.09654526183805573
4.15,0.9032853084747123,0.000022148700041164063,0.0966925428252465
4.16,0.9031382670038651,0.000022131956387490208,0.09683960103974738
4.17,0.9029914475740687,0.000022115252108599656,0.09698643717382271
4.18,0.902844849496388,0.000022098587053765498,0.09713305191655824
4.19,0.9026984720850575,0.00002208196107304538,0.09727944595386946
4.2,0.9025523000526975,0.00002206537236051772,0.097425634574942
4.21,0.9024063619512568,0.00002204882408520236,0.09757158922465801
4.22,0.9022606424776465,0.00002203231443884564,0.09771732520791468
4.23,0.9021151409585956,0.000022015843274610678,0.09786284319812981
4.24,0.9019698567239195,0.000021999410446425143,0.09800814386563408
4.25,0.9018247891064911,0.000021983015808974714,0.09815322787769992
4.26,0.9016799374422124,0.000021966659217697502,0.09829809589856989
4.2700000000000005,0.9015353010700198,0.000021950340528781735,0.09844274858945144
4.28,0.901390879331859,0.000021934059599158542,0.09858718660854182
4.29,0.9012466715726497,0.000021917816286498485,0.0987314106110638
4.3,0.901102662751491,0.000021901608830491294,0.09887543563967853
4.3100000000000005,0.9009588810180533,0.000021885440331425214,0.09901923354161525
4.32,0.9008153113160204,0.000021869309026703502,0.09916281937495286
4.33,0.9006719530020938,0.00002185321477690485,0.0993061937831293
4.34,0.9005288054358479,0.000021837157443320064,0.09944935740670878
4.3500000000000005,0.9003858679797703,0.000021821136887954,0.09959231088334178
4.36,0.9002431399991943,0.00002180515297351541,0.09973505484783224
4.37,0.900100620862311,0.000021789205563415452,0.09987758993212556
4.38,0.8999583099401345,0.000021773294521761366,0.10001991676534376
4.39,0.8998162066064975,0.000021757419713353165,0.10016203597378912
4.4,0.8996742960587221,0.00002174157942160857,0.10030396236185632
4.41,0.8995326060554384,0.00002172577668042939,0.10044566816788118
4.42,0.8993911217788476,0.000021710009770992572,0.10058716821138139
4.43,0.8992498426138757,0.000021694278560823692,0.10072846310756342
4.44,0.8991087679481765,0.00002167858291811822,0.10086955346890537
4.45,0.8989678971721269,0.000021662922711738552,0.10101043990516138
4.46,0.8988272296787984,0.000021647297811208316,0.10115112302339044
4.47,0.8986867648639512,0.000021631708086709262,0.10129160342796213
4.48,0.8985465021260151,0.000021616153409076743,0.10143188172057586
4.49,0.8984064408660728,0.000021600633649795374,0.1015719585002774
4.5,0.8982665665118323,0.00002158514713423345,0.10171184834103342
4.51,0.8981269064416729,0.00002156969683214611,0.10185152386149493
4.5200000000000005,0.8979874460684546,0.000021554281066704986,0.1019909996504787
4.53,0.8978481848037349,0.00002153889971195276,0.10213027629655319
4.54,0.897709122061638,0.00002152355264255997,0.10226935438571944
4.55,0.8975702572588492,0.00002150823973382198,0.10240823450141698
4.5600000000000005,0.897431589814606,0.000021492960861655812,0.10254691722453232
4.57,0.8972931191506739,0.00002147771590259516,0.10268540313342352
4.58,0.8971548446913487,0.00002146250473378835,0.10282369280391757
4.59,0.897016765863417,0.00002144732723299182,0.10296178680934995
4.6000000000000005,0.8968788683175244,0.00002143218176584676,0.10309969950070977
4.61,0.8967411790621372,0.00002141707124009875,0.10323740386662267
4.62,0.8966036837333519,0.00002140199401923964,0.10337491427262889
4.63,0.8964663817678435,0.000021386949983427584,0.10351223128217303
4.64,0.8963292726047146,0.00002137193901341069,0.10364935545627196
4.65,0.8961923556854949,0.000021356960990525027,0.10378628735351454
4.66,0.896055630454114,0.00002134201579668935,0.10392302753008935
4.67,0.8959190963568957,0.000021327103314402285,0.1040595765397899
4.68,0.8957827528425433,0.000021312223426739104,0.10419593493402998
4.69,0.8956465993621278,0.000021297376017347453,0.1043321032618549
4.7,0.8955106217821303,0.000021282559490554052,0.1044680956583792
4.71,0.8953748467510698,0.00002126777669414162,0.10460388547223604
4.72,0.8952392601211584,0.000021253026030332666,0.10473948685281127
4.73,0.8951038613528043,0.000021238307385031385,0.10487490033981069
4.74,0.8949686499087036,0.00002122362064469587,0.1050101264706517
4.75,0.8948336252538527,0.000021208965696337354,0.10514516578045098
4.76,0.8946987868555111,0.00002119434242751438,0.1052800188020614
4.7700000000000005,0.8945641341832006,0.000021179750726330684,0.1054146860660731
4.78,0.8944296667086968,0.00002116519048143213,0.10554916810082174
4.79,0.8942953839060095,0.000021150661582002898,0.1056834654324085
4.8,0.8941612718506988,0.00002113616246955419,0.10581759198683162
4.8100000000000005,0.8940273568408946,0.000021121695933860432,0.10595152146317151
4.82,0.893893624938178,0.000021107260414375315,0.10608526780140759
4.83,0.8937600756253837,0.000021092855802404244,0.10621883151881387
4.84,0.8936267083875136,0.000021078481989774485,0.10635221313049666
4.8500000000000005,0.8934935227117398,0.000021064138868832652,0.1064854131493914
4.86,0.8933605180873847,0.000021049826332441476,0.10661843208628285
4.87,0.8932276940059083,0.0000210355442739763,0.10675127044981773
4.88,0.8930950499608972,0.000021021292587322098,0.1068839287465155
4.89,0.8929625854480517,0.000021007071166870195,0.1070164074807814
4.9,0.8928302867455683,0.00002099287848989485,0.10714872037594181
4.91,0.8926981798103996,0.000020978717290034736,0.1072808414723104
4.92,0.8925662509070108,0.0000209645860425485,0.10741278450694665
4.93,0.8924344995394986,0.000020950484643828935,0.10754454997585756
4.94,0.8923029252139472,0.000020936412990753084,0.10767613837306209
4.95,0.8921715274385102,0.00002092237098068874,0.10780755019050907
4.96,0.8920403057233787,0.000020908358511489715,0.10793878591810985
4.97,0.8919092595807695,0.000020894375481492873,0.10806984604374902
4.98,0.8917783885249116,0.000020880421789514536,0.10820073105329883
4.99,0.891647692072032,0.00002086649733484803,0.10833144143063317
5,0.8915171566968156,0.00002085260062918281,0.10846199070255517
5.01,0.8913868080238899,0.000020838734351813336,0.10859235324175827
5.0200000000000005,0.8912566325145013,0.000020824897012460508,0.10872254258848627
5.03,0.8911266296927813,0.00002081108851229773,0.10885255921870636
5.04,0.8909967990848113,0.000020797308752961265,0.10898240360643571
5.05,0.8908671402186193,0.000020783557636548693,0.10911207622374411
5.0600000000000005,0.8907376526241523,0.000020769835065614257,0.1092415775407821
5.07,0.8906083358332787,0.00002075614094316738,0.10937090802577813
5.08,0.8904791893797742,0.00002074247517266972,0.10950006814505311
5.09,0.8903502127993087,0.00002072883765803217,0.10962905836303326
5.1000000000000005,0.8902213927571793,0.000020715226944082112,0.10975789201587666
5.11,0.8900927545542224,0.000020701645657485186,0.10988654380012008
5.12,0.8899642848425539,0.000020688092341142835,0.110015027065105
5.13,0.8898359831653382,0.00002067456690073837,0.11014334226776108
5.14,0.8897078490675828,0.000020661069242391915,0.11027148986317478
5.15,0.8895798820961301,0.00002064759927265628,0.1103994703045972
5.16,0.8894520817996662,0.0000206341568985181,0.11052728404343531
5.17,0.8893244477286517,0.000020620742027388165,0.1106549315293209
5.18,0.8891969794353984,0.000020607354567108216,0.11078241321003446
5.19,0.8890696764740011,0.00002059399442594233,0.11090972953157291
5.2,0.8889425256947657,0.00002058066018064302,0.11103689364505363
5.21,0.888815552082933,0.000020567354406889718,0.11116388056266016
5.22,0.8886887424758952,0.000020554075679552804,0.1112907034484252
5.23,0.888562096434844,0.000020540823908567232,0.11141736274124747
5.24,0.8884356135227214,0.00002052759900427969,0.11154385887827434
5.25,0.8883092933042258,0.00002051440087744769,0.11167019229489675
5.26,0.8881831353457734,0.0000205012294392342,0.11179636342478734
5.2700000000000005,0.888057139215509,0.000020488084601207314,0.11192237269988979
5.28,0.8879313044832965,0.00002047496627533777,0.11204822055042817
5.29,0.8878056307206966,0.000020461874373996007,0.11217390740492938
5.3,0.8876801049576659,0.00002044880750470762,0.11229944623482938
5.3100000000000005,0.8875547518717614,0.000020435768193741752,0.1124248123600449
5.32,0.8874295584802759,0.00002042275504678397,0.11255001876467728
5.33,0.8873045243615124,0.00002040976797778229,0.11267506587050981
5.34,0.8871796490954258,0.000020396806901072366,0.11279995409767314
5.3500000000000005,0.8870549322636393,0.0000203838717313779,0.11292468386462932
5.36,0.8869303734494134,0.000020370962383806175,0.11304925558820281
5.37,0.8868059722376458,0.000020358078773846557,0.11317366968358036
5.38,0.88668172821486,0.000020345220817368187,0.11329792656432261
5.39,0.8865576409692013,0.00002033238843061817,0.11342202664236807
5.4,0.8864336977051405,0.000020319580250800567,0.11354598271460874
5.41,0.88630992280018,0.00002030679875628487,0.11366977040106377
5.42,0.886186303446384,0.0000202940425824769,0.11379340251103347
5.43,0.8860628392382643,0.00002028131164711049,0.11391687945008855
5.44,0.8859395297719518,0.000020268605868291185,0.11404020162217993
5.45,0.8858163746451342,0.000020255925164488044,0.11416336942970133
5.46,0.8856933734570585,0.00002024326945453311,0.11428638327348702
5.47,0.885570525808526,0.00002023063865761933,0.11440924355281636
5.48,0.8854478313018855,0.00002021803269329882,0.11453195066542117
5.49,0.8853252895410236,0.00002020545148148059,0.11465450500749488
5.5,0.8852028879000212,0.000020192893688005837,0.11477691920629078
5.51,0.8850806504636609,0.00002018036174479207,0.11489916917459429
5.5200000000000005,0.8849585645938507,0.00002016785431592163,0.11502126755183338
5.53,0.8848366299005492,0.000020155371322711334,0.11514321472812805
5.54,0.8847148459952155,0.000020142912686825077,0.11526501109209762
5.55,0.884593212490798,0.000020130478330271685,0.1153866570308717
5.5600000000000005,0.88447172900174,0.000020118068175404313,0.11550815293008461
5.57,0.8843503951439442,0.000020105682144915645,0.11562949917391088
5.58,0.8842292105347955,0.000020093320161839117,0.11575069614504263
5.59,0.8841081747931356,0.000020080982149545212,0.11587174422471481
5.6000000000000005,0.883987275457954,0.000020068666801520932,0.11599265587524452
5.61,0.8838665363284098,0.000020056376504623274,0.11611340729508554
5.62,0.883745944931542,0.00002004410995061854,0.11623401095850737
5.63,0.8836255008919678,0.00002003186706420903,0.116354467240968
5.64,0.8835052038357329,0.000020019647770425352,0.11647477651649663
5.65,0.8833850533902929,0.000020007451994623834,0.11659493915771243
5.66,0.883265049184521,0.000019995279662486085,0.11671495553581654
5.67,0.883145190848696,0.000019983130700016902,0.11683482602060395
5.68,0.8830254780144866,0.000019971005033541237,0.11695455098047985
5.69,0.8829059103149566,0.000019958902589704055,0.11707413078245373
5.7,0.8827864754494831,0.00001994682208869327,0.11719357772842823
5.71,0.8826671969384177,0.000019934765873637143,0.1173128682957087
5.72,0.8825480624694811,0.000019922732663047947,0.11743201479785581
5.73,0.882429071681199,0.000019910722384827657,0.11755101759641617
5.74,0.882310224213482,0.000019898734967191787,0.11766987705155077
5.75,0.8821915197075884,0.00001988677033866483,0.11778859352207298
5.76,0.8820729578061218,0.00001987482842807873,0.1179071673654501
5.7700000000000005,0.8819545381530202,0.000019862909164571062,0.11802559893781527
5.78,0.8818362603935475,0.00001985101247758307,0.11814388859397496
5.79,0.881718124174293,0.0000198391382968585,0.11826203668741019
5.8,0.8816001173507113,0.0000198272853683874,0.11838005536392031
5.8100000000000005,0.8814822631709921,0.0000198154559928561,0.11849792137301504
5.82,0.881364549479094,0.000019803648914610326,0.11861564687199135
5.83,0.8812469759268377,0.00001979186406458737,0.11873323220909776
5.84,0.8811295421673264,0.00001978010137401819,0.11885067773129956
5.8500000000000005,0.8810122478549488,0.000019768360774426587,0.11896798378427677
5.86,0.8808950926453778,0.00001975664219762736,0.11908515071242458
5.87,0.8807780761955516,0.00001974494557572539,0.11920217885887267
5.88,0.8806611981636748,0.000019733270841112686,0.11931906856548406
5.89,0.880544458209213,0.000019721617926468108,0.11943582017286052
5.9,0.8804278443395366,0.000019709985602724547,0.11955244567486069
5.91,0.8803113795370295,0.000019698376129355973,0.1196689220868411
5.92,0.8801950517977957,0.000019686788275688828,0.11978526141392865
5.93,0.8800788607862726,0.000019675221975531815,0.11990146399175185
5.94,0.8799628061681352,0.000019663677162973493,0.12001753015470187
5.95,0.8798468876102733,0.000019652153772378973,0.12013346023595432
5.96,0.8797311047808005,0.000019640651738389695,0.12024925456746109
5.97,0.8796154573490371,0.000019629170995921203,0.12036491347996696
5.98,0.8794999449855125,0.000019617711480162348,0.1204804373030073
5.99,0.879384567361952,0.00001960627312657301,0.1205958263649214
6,0.8792693126336678,0.000019594854730210816,0.12071109251160198
6.01,0.8791542035233845,0.00001958345851052033,0.120826213018105
6.0200000000000005,0.8790392281753588,0.00001957208326098831,0.12094119974138016
6.03,0.8789243862660716,0.000019560728918147777,0.12105605300501024
6.04,0.8788096774731343,0.000019549395418792204,0.12117077313144689
6.05,0.8786951014753714,0.000019538082699982443,0.12128536044192857
6.0600000000000005,0.8785806579527445,0.000019526790699039066,0.12139981525655642
6.07,0.8784663465863751,0.000019515519353543253,0.12151413789427133
6.08,0.8783521670585315,0.000019504268601334718,0.12162832867286719
6.09,0.8782381190526292,0.000019493038380511268,0.12174238790899032
6.1000000000000005,0.8781241908680869,0.000019481827509472534,0.12185632730440361
6.11,0.8780104049739221,0.000019470638168772043,0.12197012438790909
6.12,0.877896749658709,0.000019459469175273876,0.12208379087211572
6.13,0.877783224610385,0.00001944832046809262,0.12219732706914686
6.140000000000001,0.8776698295179978,0.000019437191986592846,0.12231073329001564
6.15,0.8775565640717011,0.000019426083670388316,0.12242400984462848
6.16,0.8774434279627759,0.000019414995459342944,0.1225371570417648
6.17,0.877330420883583,0.000019403927293565586,0.1226501751891234
6.18,0.8772175425275824,0.000019392879113411272,0.12276306459330415
6.19,0.877104792589334,0.000019381850859479874,0.12287582555980647
6.2,0.8769921595086879,0.000019370841372766626,0.12298846964993931
6.21,0.8768796655066965,0.000019359852796027723,0.12310097464050748
6.22,0.8767672990125863,0.000019348883968758718,0.12321335210344492
6.23,0.8766550597252157,0.000019337934832523286,0.12332560233995174
6.24,0.8765429473445172,0.000019327005329124264,0.12343772565015367
6.25,0.8764309615714789,0.00001931609540060077,0.12354972233312048
6.26,0.8763191021081458,0.000019305204989227875,0.12366159268686498
6.2700000000000005,0.8762073686576213,0.000019294334037515732,0.12377333700834121
6.28,0.8760957609240407,0.000019283482488206518,0.12388495559347106
6.29,0.8759842786125904,0.00001927265028427542,0.1239964487371253
6.3,0.8758729103000121,0.0000192618362885987,0.12410782786369927
6.3100000000000005,0.8757616779649721,0.000019251042607190463,0.12421907099242074
6.32,0.8756505701737728,0.000019240268101459238,0.12433018955812575
6.33,0.8755395866357164,0.00001922951271529668,0.1244411838515683
6.34,0.8754287270611126,0.000019218776392819858,0.12455205416249454
6.3500000000000005,0.8753179911612863,0.00001920805907837091,0.12466280077963535
6.36,0.875207378648572,0.000019197360716516243,0.12477342399071148
6.37,0.8750968892363042,0.000019186681252044654,0.12488392408244371
6.38,0.8749865226388176,0.000019176020629966723,0.12499430134055244
6.390000000000001,0.8748762785714401,0.000019165378795513396,0.12510455604976436
6.4,0.874766145744385,0.000019154754632757568,0.12521469950098219
6.41,0.8746561458993382,0.000019144150211987548,0.12532470995044986
6.42,0.8745462677362679,0.000019133564415841123,0.12543459869931628
6.43,0.8744365109744295,0.000019122997190419855,0.12554436602838004
6.44,0.874326875334049,0.00001911244848204027,0.125654012217469
6.45,0.8742173605363172,0.00001910191823723255,0.12576353754544561
6.46,0.8741079663033914,0.00001909140640274009,0.12587294229020587
6.47,0.8739986923583829,0.000019080912925517653,0.12598222672869158
6.48,0.8738895384253594,0.000019070437752730815,0.12609139113688783
6.49,0.8737805042293327,0.000019059980831754352,0.1262004357898355
6.5,0.8736715786107508,0.000019049541067207667,0.12630937184818194
6.51,0.8735627830794407,0.000019039120494622006,0.1264181778000647
6.5200000000000005,0.8734541064657984,0.000019028718017213724,0.12652686481618444
6.53,0.8733455484985874,0.00001901833358318528,0.12663543316782944
6.54,0.8732371089075022,0.00001900796714094372,0.1267438831253569
6.55,0.8731287874231635,0.000018997618639099794,0.12685221495819743
6.5600000000000005,0.8730205837771058,0.000018987288026465874,0.12696042893486775
6.57,0.8729124977017826,0.00001897697525205624,0.12706852532296536
6.58,0.8728045289305608,0.00001896668026508558,0.1271765043891741
6.59,0.8726966771977067,0.000018956403014967152,0.12728436639927831
6.6000000000000005,0.8725889314707254,0.00001894614242623912,0.1273921223868484
6.61,0.8724813130326637,0.000018935900500619832,0.12749975106683564
6.62,0.8723738108411554,0.000018925676161274885,0.12760726348268334
6.63,0.8722664246340598,0.000018915469358405584,0.12771465989658182
6.640000000000001,0.8721591541501178,0.00001890528004240703,0.12782194056983978
6.65,0.8720519991289563,0.000018895108163868417,0.12792910576287989
6.66,0.8719449593110825,0.00001888495367357116,0.1280361557352439
6.67,0.8718380344378759,0.0000188748165224882,0.12814309074560162
6.68,0.8717312242515847,0.00001886469666178281,0.12824991105175354
6.69,0.871624528495328,0.00001885459404280833,0.1283566169106292
6.7,0.8715179362606297,0.000018844507609422223,0.1284632192317609
6.71,0.8714114686086244,0.000018834439330435187,0.12856969695204518
6.72,0.8713051146211466,0.0000188243881483625,0.12867606099070505
6.73,0.8711988740447424,0.000018814354015306544,0.12878231160124232
6.74,0.871092746626809,0.000018804336883555088,0.12888844903630742
6.75,0.8709867321155879,0.00001879433670557989,0.12899447354770657
6.76,0.870880830260157,0.00001878435343403569,0.12910038538640903
6.7700000000000005,0.8707750408104308,0.000018774387021759703,0.12920618480254747
6.78,0.8706693635171652,0.00001876443742177096,0.12931187204541306
6.79,0.8705637981319357,0.00001875450458726849,0.129417447363477
6.8,0.8704583338673515,0.0000187445874808542,0.12952292154516765
6.8100000000000005,0.8703529915673645,0.00001873468803930512,0.12962827374459623
6.82,0.8702477604350357,0.000018724805223907167,0.12973351475974038
6.83,0.8701426402252925,0.00001871493898857931,0.12983864483571889
6.84,0.8700376306937726,0.000018705089287407337,0.12994366421693998
6.8500000000000005,0.8699327315969573,0.00001869525607465581,0.13004857314696808
6.86,0.8698279426921309,0.000018685439304763534,0.13015337186856432
6.87,0.8697232637373778,0.000018675638932343126,0.1302580606236898
6.88,0.8696186944915759,0.00001866585491217945,0.1303626396535119
6.890000000000001,0.8695142347144066,0.000018656087199230593,0.1304671091983942
6.9,0.869409873736731,0.000018646334774290826,0.13057147992849474
6.91,0.8693056321898961,0.000018636599542946253,0.13067573121056095
6.92,0.8692014993954225,0.0000186268804847073,0.13077987372409283
6.93,0.8690974751161281,0.000018617177555211265,0.13088390770631667
6.94,0.8689935591156079,0.00001860749071026328,0.1309878333936818
6.95,0.8688897511582208,0.00001859781990583468,0.1310916510218734
6.96,0.8687860510091119,0.000018588165098064637,0.13119536082579006
6.97,0.8686824584341789,0.00001857852624325652,0.13129896303957783
6.98,0.86857897320008,0.00001856890329787806,0.13140245789662208
6.99,0.8684755950742595,0.000018559296218563384,0.13150584562952192
7,0.8683723135031002,0.000018549704003771106,0.13160913679289604
7.01,0.8682691489097724,0.000018540128528707092,0.13171231096169894
7.0200000000000005,0.8681660907314949,0.00001853056879057451,0.13181537869971455
7.03,0.8680631387387029,0.000018521024746653773,0.13191834023655047
7.04,0.8679602927025708,0.00001851149635438502,0.13202119580107483
7.05,0.8678575523950183,0.00001850198357136785,0.13212394562141036
7.0600000000000005,0.8677549175886864,0.00001849248635535925,0.13222658992495825
7.07,0.867652388056991,0.00001848300466427745,0.13232912893834475
7.08,0.8675499635740425,0.00001847353845619436,0.13243156288750135
7.09,0.8674476439146863,0.000018464087689338966,0.13253389199762433
7.1000000000000005,0.8673454186382115,0.000018454651379327745,0.1326361267104092
7.11,0.867243307963908,0.000018445231371770288,0.1327382468047202
7.12,0.8671413014420573,0.000018435826681054173,0.13284026273126168
7.13,0.867039398850387,0.000018426437266026247,0.13294217471234693
7.140000000000001,0.8669375999673433,0.000018417063085686357,0.13304398296957098
7.15,0.866835904572071,0.000018407704099185425,0.13314568772382976
7.16,0.866734312444434,0.000018398360265826532,0.13324728919530018
7.17,0.866632823364991,0.000018389031545062586,0.13334878760346391
7.18,0.8665314371150097,0.000018379717896496994,0.1334501831670938
7.19,0.8664301534764434,0.000018370419279881127,0.13355147610427676
7.2,0.8663289621189397,0.0000183611347275016,0.13365267674633277
7.21,0.8662278830620752,0.000018351866056127947,0.13375376507186867
7.22,0.8661269059666425,0.000018342612296843614,0.1338547514210606
7.23,0.8660260306173627,0.00001833337340998999,0.1339556360092273
7.24,0.8659252567996405,0.000018324149356054037,0.13405641905100346
7.25,0.8658245842995624,0.000018314940095667878,0.1341571007603419
7.26,0.8657240129038906,0.000018305745589607718,0.13425768135051983
7.2700000000000005,0.8656235424000591,0.000018296565798793124,0.13435816103414208
7.28,0.8655231725761765,0.000018287400684286887,0.1344585400231392
7.29,0.8654229032210197,0.00001827825020729397,0.13455881852877305
7.3,0.8653227241121293,0.000018269113416301935,0.13465900677445442
7.3100000000000005,0.8652226550733728,0.000018259992099967136,0.1347590849345272
7.32,0.8651226858736739,0.000018250885305607133,0.13485906324102048
7.33,0.86502281630442,0.000018241792994986025,0.134958941902585
7.34,0.8649230461576908,0.00001823271513001047,0.1350587211271792
7.3500000000000005,0.8648233752262177,0.000018223651672725217,0.1351584011221096
7.36,0.8647238033033812,0.000018214602585312857,0.13525798209403353
7.37,0.8646243301832088,0.000018205567830092932,0.13535746424896108
7.38,0.8645249556603781,0.00001819654736952212,0.13545684779225237
7.390000000000001,0.8644256795301971,0.000018187541166191863,0.1355561329286367
7.4,0.8643264916757304,0.000018178548284341148,0.13565532977598527
7.41,0.8642274117291346,0.0000181695704852249,0.13575441870038013
7.42,0.8641284295649351,0.00001816060683193048,0.135853409828233
7.43,0.8640295449809838,0.000018151657287586856,0.1359523033617286
7.44,0.8639307577757616,0.000018142721815455795,0.13605109950242297
7.45,0.8638320677483788,0.0000181338003789316,0.13614979845124223
7.46,0.8637334746985615,0.000018124892941539332,0.13624840040849692
7.47,0.8636349784266676,0.000018115999466936065,0.13634690557386547
7.48,0.8635365787336624,0.000018107119918908094,0.1364453141464187
7.49,0.8634382754211345,0.000018098254261372792,0.13654362632460412
7.5,0.8633400584753661,0.000018089401573886187,0.13664185212306001
7.51,0.8632419473405791,0.000018080563590980576,0.1367399720958299
7.5200000000000005,0.863143931994668,0.00001807173939108557,0.13683799626594093
7.53,0.8630460122416622,0.000018062928938631523,0.13693592482939915
7.54,0.8629481878861809,0.000018054132198174432,0.13703375798162093
7.55,0.8628504587334516,0.0000180453491343972,0.13713149591741403
7.5600000000000005,0.8627528245892948,0.00001803657971210797,0.13722913883099308
7.57,0.8626552852601352,0.000018027823896240828,0.13732668691596853
7.58,0.8625578405529869,0.000018019081651853916,0.13742414036536124
7.59,0.8624604902754605,0.000018010352944129982,0.1375214993715954
7.6000000000000005,0.8623632245148334,0.0000180016368675265,0.1376187738482991
7.61,0.8622660625310847,0.000017992935130510888,0.13771594453378475
7.62,0.862168994403263,0.00001798424682643876,0.13781302134991055
7.63,0.8620720199413133,0.000017975571920982707,0.13791000448676569
7.640000000000001,0.8619751389557575,0.00001796691037993649,0.13800689413386255
7.65,0.861878351257696,0.00001795826216921457,0.13810369048013482
7.66,0.8617816566587999,0.00001794962725485134,0.13820039371394524
7.67,0.8616850549713166,0.000017941005603001143,0.13829700402308034
7.68,0.8615885460080619,0.000017932397179937255,0.13839352159475818
7.69,0.8614921295824192,0.00001792380195205146,0.13848994661562877
7.7,0.8613957958805415,0.000017915219028304056,0.1385862889004302
7.71,0.8612995639817362,0.00001790665009173248,0.13868252936817202
7.72,0.8612034240640553,0.000017898094250217094,0.13877867784169454
7.73,0.861107375943129,0.000017889551470618544,0.13887473450540036
7.74,0.8610114194351441,0.00001788102171991355,0.13897069954313596
7.75,0.8609155543568392,0.000017872504965193928,0.13906657313819562
7.76,0.8608197805255051,0.000017864001173666565,0.1391623554733212
7.7700000000000005,0.8607240977589825,0.00001785551031265264,0.13925804673070483
7.78,0.8606285058756646,0.000017847032349587727,0.13935364709198578
7.79,0.8605330046944841,0.0000178385672520203,0.13944915673826386
7.8,0.8604375844983719,0.000017830114143025954,0.13954458538748504
7.8100000000000005,0.8603422641894586,0.000017821674680828242,0.13963991413586058
7.82,0.8602470340427152,0.000017813247987445686,0.13973515270929737
7.83,0.8601518938792349,0.00001780483403087513,0.13983030128673427
7.84,0.8600568435206428,0.000017796432779224865,0.13992536004657796
7.8500000000000005,0.8599618827890988,0.000017788044200712805,0.14002032916670049
7.86,0.8598670115072938,0.000017779668263667527,0.1401152088244425
7.87,0.8597722294984446,0.000017771304936526594,0.14020999919661892
7.88,0.8596775365862956,0.000017762954187836763,0.1403047004595165
7.890000000000001,0.8595829325950939,0.000017754615986251484,0.14039931278891987
7.9,0.8594884079025776,0.000017746289468593524,0.14049384580795377
7.91,0.8593939812370673,0.00001773797626886622,0.1405882807866638
7.92,0.8592996429684324,0.00001772967552285359,0.14068262735604473
7.930000000000001,0.8592053929230161,0.000017721387199639903,0.14077688568978425
7.94,0.8591112309276726,0.000017713111268415557,0.14087105596105898
7.95,0.8590171568097734,0.000017704847698476903,0.1409651383425281
7.96,0.8589231703971951,0.000017696596459225155,0.14105913300634565
7.97,0.8588292715183234,0.00001768835752016645,0.1411530401241564
7.98,0.8587354600020491,0.000017680130850911117,0.14124685986709995
7.99,0.8586417356777645,0.000017671916421173147,0.14134059240581434
8,0.8585480890159857,0.00001766371338115794,0.14143424727063317
8.01,0.8584545385745511,0.000017655523341227155,0.14152780590210765
8.02,0.8583610748162787,0.00001764734545057207,0.14162127783827078
8.03,0.85826769757256,0.000017639179679317853,0.14171466324776064
8.040000000000001,0.8581744066752749,0.000017631025997690896,0.1418079622987274
8.05,0.8580812019568048,0.000017622884376019426,0.14190117515881917
8.06,0.8579880832500109,0.00001761475478473158,0.1419943019952044
8.07,0.8578950503882484,0.00001760663719435638,0.14208734297455722
8.08,0.8578021032053587,0.000017598531575522464,0.14218029826306583
8.09,0.8577092415356665,0.000017590437898958098,0.14227316802643453
8.1,0.8576164559406113,0.000017582355327908914,0.14236596170406077
8.11,0.8575237648107261,0.00001757428544965033,0.14245866090382422
8.120000000000001,0.8574311586998907,0.00001756622742643567,0.14255127507268284
8.13,0.857338637444345,0.000017558181229386113,0.1426438043744256
8.14,0.8572462008808105,0.000017550146829720836,0.14273624897235979
8.15,0.8571538488464782,0.000017542124198755456,0.1428286090293231
8.16,0.8570615811790107,0.00001753411330790234,0.14292088470768144
8.17,0.8569693977165448,0.00001752611412866999,0.14301307616932654
8.18,0.8568772982976797,0.000017518126632662337,0.14310518357568766
8.19,0.856785282761484,0.000017510150791578636,0.1431972070877244
8.2,0.8566933417584927,0.000017502185781372453,0.14328915605572598
8.21,0.856601493515048,0.000017494233166772706,0.14338101225178523
8.22,0.856509728674249,0.00001748629212276042,0.14347278503362823
8.23,0.8564180470769939,0.00001747836262141056,0.1435644745603847
8.24,0.856326448564664,0.000017470444634893486,0.1436560809907011
8.25,0.856234932979084,0.000017462538135471348,0.14374760448278048
8.26,0.8561435001625367,0.000017454643095499114,0.1438390451943678
8.27,0.8560521499577586,0.00001744675948742401,0.143930403282754
8.28,0.8559608822079287,0.00001743888728378425,0.14402167890478756
8.290000000000001,0.8558696967566847,0.0000174310264572101,0.14411287221685812
8.3,0.8557785843418707,0.00001742317619604097,0.14420399248193325
8.31,0.8556875630286648,0.000017415338042981372,0.14429502163329225
8.32,0.8555966235475936,0.000017407511185417737,0.144385968941221
8.33,0.8555057657440732,0.000017399695596341588,0.14447683456033045
8.34,0.8554149894639415,0.000017391891248832656,0.14456761864480971
8.35,0.8553242945535059,0.000017384098116062074,0.14465832134837806
8.36,0.855233680859483,0.00001737631617128729,0.14474894282434567
8.370000000000001,0.8551431482290323,0.00001736854538785467,0.14483948322557988
8.38,0.8550526965097508,0.000017360785739198796,0.14492994270451
8.39,0.8549623255496616,0.00001735303719884124,0.14502032141313959
8.4,0.8548720261722059,0.000017345298967198028,0.1451106285288269
8.41,0.854781816284339,0.000017337572565455375,0.14520084614309553
8.42,0.8546916867023032,0.000017329857193095466,0.14529098344050367
8.43,0.854601637275837,0.00001732215282398666,0.14538104057133897
8.44,0.8545116678551054,0.000017314459432083185,0.14547101768546256
8.45,0.8544217782906878,0.00001730677699142405,0.14556091493232082
8.46,0.8543319684335875,0.000017299105476133468,0.14565073246093638
8.47,0.854242238135232,0.0000172914448604206,0.14574047041990754
8.48,0.85415258724746,0.00001728379511857858,0.1458301289574214
8.49,0.8540630156225312,0.000017276156224984638,0.14591970822124384
8.5,0.8539735141678156,0.000017268527391832725,0.14600921730479252
8.51,0.8538841006348894,0.000017260910119278865,0.14609863845499133
8.52,0.8537947659240445,0.000017253303618602318,0.14618798077233694
8.53,0.8537055098891844,0.000017245707864512193,0.14627724440295112
8.540000000000001,0.8536163323846268,0.00001723812283180045,0.14636642949254144
8.55,0.8535272332650898,0.000017230548495340343,0.14645553618641483
8.56,0.8534382123857011,0.00001722298483008699,0.14654456462946885
8.57,0.8533492696019918,0.000017215431811076676,0.14663351496619717
8.58,0.853260404769893,0.000017207889413426446,0.14672238734069362
8.59,0.8531716177456946,0.000017200357612330168,0.14681118189669307
8.6,0.8530828995191607,0.000017192835631478053,0.1468999076452078
8.61,0.8529942676892378,0.000017185324950467768,0.14698854698581174
8.620000000000001,0.852905713238636,0.00001717782479208546,0.14707710893657197
8.63,0.8528172360252783,0.00001717033513184762,0.1471655936395899
8.64,0.8527288359074773,0.000017162855945349374,0.14725400123657736
8.65,0.8526405127439431,0.000017155387208264774,0.1473423318688486
8.66,0.8525522663937731,0.000017147928896345846,0.14743058567733053
8.67,0.8524640967164563,0.00001714048098542277,0.1475187628025583
8.68,0.8523760035718662,0.000017133043451403093,0.14760686338468243
8.69,0.8522879868202652,0.00001712561627027181,0.14769488756346455
8.700000000000001,0.852200037532054,0.00001711819867692092,0.1477828442692691
8.71,0.8521121731563566,0.000017110792130857907,0.14787071605151259
8.72,0.8520243847567183,0.00001710339586609591,0.14795851184741562
8.73,0.8519366721949366,0.000017096009858926257,0.14804623179520446
8.74,0.8518490353331821,0.000017088634085715463,0.14813387603273215
8.75,0.8517614740340006,0.000017081268522905305,0.1482214446974765
8.76,0.8516739881603256,0.000017073913147013435,0.1483089379265274
8.77,0.8515865775754549,0.000017066567934631838,0.1483963558566105
8.78,0.8514992421430657,0.000017059232862426845,0.14848369862407185
8.790000000000001,0.8514119817272022,0.000017051907907138962,0.14857096636489064
8.8,0.8513247874774739,0.000017044592314600902,0.14865816793021153
8.81,0.8512376766957632,0.00001703728752467107,0.1487452860167121
8.82,0.8511506405249332,0.000017029992782320605,0.1488323294822845
8.83,0.8510636788305068,0.000017022708064583935,0.1489192984614286
8.84,0.8509767914783732,0.000017015433348568183,0.1490061930882782
8.85,0.8508899783347877,0.000017008168611453145,0.1490930134966008
8.86,0.8508032392663696,0.00001700091383049069,0.14917975981979992
8.870000000000001,0.8507165741400929,0.000016993668983004014,0.14926643219092406
8.88,0.8506299828233013,0.000016986434046388556,0.14935303074265235
8.89,0.850543465183695,0.00001697920899811089,0.14943955560730693
8.9,0.850457012448592,0.000016971993094682587,0.14952601555831335
8.91,0.8503706417752143,0.00001696478775674626,0.14961239343702898
8.92,0.8502843443842488,0.000016957592239969658,0.1496986980235112
8.93,0.8501981201448159,0.000016950406522101082,0.149784929448662
8.94,0.8501119689263914,0.000016943230580959115,0.14987108784302763
8.950000000000001,0.8500258905988026,0.000016936064394431748,0.14995717333680295
8.96,0.8499398850322291,0.000016928907940476554,0.15004318605983047
8.97,0.8498539520971962,0.000016921761197119798,0.15012912614160673
8.98,0.8497680916645789,0.000016914624142456608,0.15021499371127864
8.99,0.8496823036055969,0.000016907496754650516,0.15030078889764842
9,0.8495965792238537,0.00001690037830064145,0.15038652039784567
9.01,0.8495109355343935,0.000016893270182274268,0.15047217119542422
9.02,0.849425363834286,0.00001688617166566089,0.15055774999404833
9.03,0.8493398639961279,0.000016879082729236187,0.15064325692114283
9.040000000000001,0.8492544358928539,0.00001687200335150202,0.1507286921037946
9.05,0.8491690793977384,0.00001686493351102714,0.15081405566875053
9.06,0.8490837943843913,0.000016857873186446584,0.15089934774242225
9.07,0.8489985807267647,0.000016850822356462254,0.15098456845087882
9.08,0.8489134382991431,0.000016843780999841796,0.15106971791985704
9.09,0.848828366976147,0.000016836749095418846,0.15115479627475753
9.1,0.8487433581362391,0.00001682972592031596,0.15123981213784055
9.11,0.848658428654762,0.000016822712857990332,0.15132474863237996
9.120000000000001,0.8485735699037478,0.000016815709184752614,0.1514096143870675
9.13,0.8484887817591439,0.000016808714879697142,0.15149440952597643
9.14,0.848404064097223,0.0000168017299219825,0.15157913417285498
9.15,0.8483194167945917,0.000016794754290831996,0.1516637884511175
9.16,0.8482348397281678,0.00001678778796553183,0.15174837248386663
9.17,0.8481503327752106,0.000016780830925433188,0.151832886393864
9.18,0.8480658958132956,0.000016773883149950255,0.15191733030355445
9.19,0.8479815287203184,0.000016766944618560163,0.15200170433506305
9.200000000000001,0.8478972229482531,0.00001676001461833348,0.15208601703712857
9.21,0.8478129952351023,0.000016753094514733442,0.15217025167038292
9.22,0.8477288370265056,0.000016746183594034004,0.15225441678990037
9.23,0.8476447482016375,0.000016739281835963167,0.15233851251652655
9.24,0.8475607286399984,0.000016732389220310995,0.15242253897078126
9.25,0.8474767782214018,0.00001672550572692955,0.1525064962728713
9.26,0.8473928968259753,0.000016718631335732233,0.15259038454268897
9.27,0.8473090843341622,0.00001671176602669399,0.15267420389981112
9.28,0.8472253406267118,0.00001670490977985024,0.15275795446350832
9.290000000000001,0.8471416655846934,0.000016698062575297877,0.15284163635273132
9.3,0.8470580507322611,0.00001669122370982676,0.15292525804402904
9.31,0.8469745126723854,0.000016684394531288873,0.15300880293308328
9.32,0.8468910429229884,0.00001667757433569319,0.15309227950267587
9.33,0.8468076413663727,0.00001667076310337738,0.15317568787052396
9.34,0.8467243078851466,0.000016663960814738883,0.15325902815403863
9.35,0.8466410423622251,0.000016657167450234448,0.15334230047032463
9.36,0.8465578446808251,0.000016650382990380127,0.15342550493618456
9.370000000000001,0.8464747147244686,0.000016643607415750893,0.1535086416681157
9.38,0.8463916523769797,0.000016636840706980558,0.15359171078231335
9.39,0.8463086575224831,0.00001663008284476142,0.15367471239467217
9.4,0.8462257217560211,0.000016623333135381317,0.15375765491084356
9.41,0.8461428615478027,0.000016616592909454282,0.15384052185928784
9.42,0.8460600684867351,0.000016609861472502288,0.1539233216517924
9.43,0.8459773424581368,0.0000166031388054495,0.15400605440305773
9.44,0.8458946833476241,0.00001659642488927761,0.15408872022748665
9.450000000000001,0.8458120910411039,0.000016589719705025306,0.15417131923919108
9.46,0.8457295654248154,0.000016583023233790682,0.15425385155195084
9.47,0.8456471063851878,0.00001657633545672171,0.15433631727935548
9.48,0.8455647138090451,0.000016569656355029636,0.1544187165345999
9.49,0.8454823875834647,0.00001656298590997989,0.1545010494306253
9.5,0.845400119373127,0.00001655632343714463,0.15458332430343588
9.51,0.8453179255176779,0.000016549670250261064,0.15466552481207183
9.52,0.8452357976757541,0.000016543025664149863,0.15474765929858178
9.53,0.8451537357355895,0.000016536389660299706,0.15482972787475022
9.540000000000001,0.8450717395857035,0.000016529762220254372,0.15491173065207628
9.55,0.8449898091148987,0.00001652314332561255,0.15499366774177564
9.56,0.8449079442122635,0.000016516532958027942,0.15507553925477852
9.57,0.8448261447671696,0.000016509931099208945,0.15515734530173125
9.58,0.8447444106692722,0.000016503337730918404,0.15523908599299688
9.59,0.844662741808503,0.000016496752834973024,0.15532076143866205
9.6,0.8445811299179595,0.000016490175736022027,0.15540237990630446
9.61,0.844499591208872,0.000016483607731276888,0.15548392518339677
9.620000000000001,0.8444181174083877,0.000016477048144649663,0.15556540554346768
9.63,0.8443367084075509,0.000016470496958171676,0.1556468210954909
9.64,0.8442553640976925,0.000016463954153928337,0.15572817194815355
9.65,0.8441740843704129,0.000016457419714057517,0.15580945820987308
9.66,0.8440928691175881,0.000016450893620749975,0.15589067998879116
9.67,0.8440117182313687,0.0000164443758562492,0.1559718373927751
9.68,0.8439306316041789,0.00001643786640285108,0.15605293052941824
9.69,0.8438496091287124,0.00001643136524290359,0.15613395950604467
9.700000000000001,0.8437686426052878,0.00001642487170993139,0.15621493252300223
9.71,0.8436877481188244,0.000016418387084962148,0.15629583349409062
9.72,0.8436069174637751,0.000016411910700796838,0.15637667062552407
9.73,0.8435261505339153,0.000016405442539990557,0.15645744402354467
9.74,0.843445447223287,0.00001639898258514959,0.1565381537941279
9.75,0.8433648074261969,0.000016392530818931157,0.15661880004298417
9.76,0.8432842310372138,0.000016386087224043047,0.15669938287556212
9.77,0.8432037179511759,0.00001637965178324412,0.15677990239704087
9.78,0.843123268063185,0.00001637322447934364,0.1568603587123356
9.790000000000001,0.8430428812686035,0.00001636680529520103,0.1569407519261013
9.8,0.8429625494338109,0.000016360393573021435,0.1570210901726161
9.81,0.8428822885194666,0.000016353990577980842,0.15710135748995546
9.82,0.8428020903861783,0.00001634759565157463,0.15718156201817016
9.83,0.842721954930353,0.000016341208776861628,0.15726170386087018
9.84,0.8426418820486532,0.00001633482993694987,0.15734178312140984
9.85,0.8425618716379991,0.00001632845911499645,0.15742179990288588
9.86,0.8424819235955773,0.00001632209629420827,0.15750175430812852
9.870000000000001,0.8424020378188138,0.00001631574145783983,0.15758164643972833
9.88,0.8423222142054047,0.000016309394589195224,0.15766147640000616
9.89,0.8422424526532906,0.000016303055671626464,0.1577412442910378
9.9,0.8421627450938064,0.000016296724055832012,0.15782095818213776
9.91,0.8420831073653126,0.000016290400991455662,0.15790060223369598
9.92,0.8420035313934503,0.000016284085828498695,0.1579801845207212
9.93,0.8419240170771769,0.00001627777855050574,0.1580597051442726
9.94,0.8418445643156941,0.000016271479141068486,0.15813916420516483
9.950000000000001,0.8417651730084548,0.000016265187583826084,0.1582185618039614
9.96,0.8416858430551577,0.000016258903862464898,0.15829789804097982
9.97,0.8416065743557511,0.000016252627960718272,0.15837717301628815
9.98,0.8415273668104412,0.00001624635986236731,0.15845638682969648
9.99,0.8414482203196472,0.00001624009955123751,0.1585355395808016
10,0.8413691268785576,0.00001623384638633711,0.1586146392750561
10.01,0.8412901022052004,0.000016227601602092567,0.15869367019319752
10.02,0.8412111382891503,0.000016221364556827677,0.15877264034629288
10.03,0.8411322350318239,0.000016215135234554495,0.15885154983294156
10.040000000000001,0.841053392334881,0.000016208913619331,0.1589303987514997
10.05,0.84097461010022,0.000016202699695260632,0.15900918720008472
10.06,0.8408958882299813,0.000016196493446492602,0.1590879152765722
10.07,0.8408172266265458,0.000016190294857221178,0.159166583078597
10.08,0.8407386251925334,0.000016184103911686286,0.15924519070355492
10.09,0.8406600838307997,0.00001617792059417239,0.15932373824860613
10.1,0.8405815945992987,0.00001617174427181882,0.15940223365642947
10.11,0.8405031730976249,0.00001616557616413903,0.15948066132621097
10.120000000000001,0.8404248113782117,0.00001615941563760109,0.15955902920615073
10.13,0.8403465093448608,0.000016153262676668105,0.15963733739246255
10.14,0.8402682669016087,0.000016147117265847396,0.15971558598112542
10.15,0.8401900839527239,0.000016140979389690263,0.15979377506788645
10.16,0.8401119604027069,0.000016134849032791828,0.15987190474826035
10.17,0.8400338961563005,0.00001612872617979146,0.15994997511751968
10.18,0.8399558911184545,0.000016122610815371246,0.16002798627073014
10.19,0.8398779451943731,0.000016116502924257056,0.16010593830270264
10.200000000000001,0.839800050503738,0.000016110401881547263,0.1601838390943805
10.21,0.8397222225295762,0.00001610430889213957,0.16026167316153167
10.22,0.8396444533861305,0.00001609822333047317,0.16033944839053904
10.23,0.8395667429795112,0.000016092145181446154,0.16041716487530738
10.24,0.8394890912160539,0.000016086074429999055,0.16049482270951615
10.25,0.8394114980023233,0.000016080011061115133,0.1605724219866156
10.26,0.8393339632451052,0.000016073955059819705,0.16064996279983496
10.27,0.8392564868514156,0.00001606790641118061,0.1607274452421732
10.28,0.8391790687284872,0.000016061865100307234,0.16080486940641245
10.290000000000001,0.8391017087837823,0.000016055831112351288,0.16088223538510532
10.3,0.8390243991976967,0.00001604980383020281,0.16095955099847312
10.31,0.8389471553384995,0.00001604378444443148,0.16103680087705607
10.32,0.8388699693812263,0.000016037772337280325,0.16111399284643646
10.33,0.8387928412342254,0.000016031767494067106,0.16119112699828056
10.34,0.838715770806056,0.000016025769900150102,0.16126820342404388
10.35,0.838638758005506,0.000016019779540929224,0.16134522221495304
10.36,0.8385618027415745,0.000016013796401844754,0.1614221834620236
10.370000000000001,0.8384849049234867,0.00001600782046837828,0.16149908725604492
10.38,0.8384080644606716,0.00001600185172605103,0.16157593368760234
10.39,0.8383312812627856,0.00001599589016042532,0.161652722847054
10.4,0.8382545475699476,0.000015989935162020794,0.16172946249489042
10.41,0.8381778786374401,0.0000159839879073595,0.16180613737465255
10.42,0.8381012667001001,0.000015978047786325747,0.16188275525211357
10.43,0.838024711668435,0.000015972114784641575,0.16195931621678042
10.44,0.8379482134531724,0.000015966188888069373,0.16203582035793954
10.450000000000001,0.8378717719652437,0.00001596027008241042,0.16211226776467394
10.46,0.8377953871157944,0.000015954358353505615,0.16218865852585213
10.47,0.8377190588161827,0.00001594845368723525,0.16226499273013006
10.48,0.8376427869779763,0.000015942556069518733,0.16234127046595415
10.49,0.837566571512951,0.00001593666548631432,0.16241749182156268
10.5,0.837490404719985,0.000015930781335613564,0.16249366449867936
10.51,0.8374143017431014,0.000015924904780163763,0.16256977335211845
10.52,0.8373382548759687,0.000015919035217332286,0.16264582608881398
10.53,0.8372622640311936,0.00001591317263323206,0.16272182279617314
10.540000000000001,0.8371863291215919,0.000015907317014014434,0.16279776356139414
10.55,0.837110450060181,0.000015901468345868793,0.1628736484714731
10.56,0.8370346267601851,0.000015895626615022602,0.16294947761319983
10.57,0.8369588591350313,0.000015889791807741254,0.16302525107316093
10.58,0.8368831470983928,0.0000158839639103306,0.16310096893769682
10.59,0.8368074905640174,0.000015878142909125993,0.1631766312930735
10.6,0.8367318818886498,0.00001587232820944042,0.1632522457831408
10.61,0.8366563361067381,0.000015866520960512024,0.16332779737230144
10.620000000000001,0.8365808455698415,0.000015860720567038082,0.1634032937095915
10.63,0.8365054101925989,0.00001585492701550856,0.16347873488038556
10.64,0.8364300298898499,0.000015849140292450515,0.1635541209698576
10.65,0.8363547045766325,0.00001584336038442785,0.16362945206298304
10.66,0.8362794341681853,0.000015837587278041292,0.16370472824453666
10.67,0.8362042185799432,0.000015831820959927953,0.16377994959909686
10.68,0.8361290577275354,0.000015826061416761736,0.1638551162110478
10.69,0.8360539515267915,0.000015820308635252363,0.16393022816457323
10.700000000000001,0.8359788923913025,0.000015814562027880214,0.1640052930466696
10.71,0.835903895247606,0.000015808822730632945,0.16408029592966336
10.72,0.8358289525042261,0.000015803090155388496,0.16415524440561854
10.73,0.8357540640777703,0.00001579736428900078,0.1642301385579407
10.74,0.8356792298850452,0.000015791645118360057,0.16430497846983647
10.75,0.8356044498430469,0.000015785932630391865,0.16437976422432268
10.76,0.8355297238689606,0.00001578022681205692,0.1644544959042273
10.77,0.8354550518801702,0.000015774527650351846,0.16452917359217942
10.78,0.835380433794246,0.00001576883513230816,0.16460379737062172
10.790000000000001,0.8353058695289507,0.00001576314924499255,0.16467836732180433
10.8,0.8352313515538701,0.000015757469407910337,0.16475289097672202
10.81,0.835156894689239,0.00001575179674405062,0.16482735351401692
10.82,0.8350824913996526,0.000015746130672327086,0.16490176246967506
10.83,0.83500814160363,0.000015740471179945777,0.16497611792519004
10.84,0.8349338452198782,0.00001573481825414708,0.16505041996186762
10.85,0.8348596021672904,0.000015729171882205762,0.16512466866082742
10.86,0.834785412364948,0.000015723532051431007,0.1651988641030006
10.870000000000001,0.8347112757321161,0.00001571789874916593,0.16527300636913472
10.88,0.8346371921882504,0.000015712271962788083,0.16534709553978683
10.89,0.8345631616529847,0.000015706651679708432,0.16542113169533557
10.9,0.8344891766510234,0.000015701037326316897,0.16549512231165028
10.91,0.8344152518978858,0.000015695430012849508,0.16556905267210137
10.92,0.8343413799133491,0.000015689829165114632,0.16564293025748578
10.93,0.8342675606177973,0.00001568423477065894,0.16571675514743206
10.94,0.8341937939317747,0.000015678646817060827,0.1657905274214082
10.950000000000001,0.834120079776016,0.000015673065291932682,0.16586424715869208
10.96,0.8340464180714389,0.00001566749018292005,0.16593791443837821
10.97,0.8339728087391377,0.000015661921477701196,0.1660115293393846
10.98,0.8338992517003883,0.00001565635916398748,0.16608509194044777
10.99,0.833825746876645,0.000015650803229522914,0.16615860232012547
11,0.8337522868468777,0.000015645253107445505,0.16623206790001482
11.01,0.8336788862234281,0.000015639709895476923,0.1663054740666764
11.02,0.8336055375804126,0.00001563417302618406,0.16637882824656125
11.03,0.8335322408399986,0.000015628642487441057,0.166452130517514
11.040000000000001,0.8334589959245271,0.000015623118267154116,0.16652538095720573
11.05,0.8333858027565213,0.000015617600353261854,0.16659857964312544
11.06,0.8333126612586742,0.000015612088733734562,0.16667172665259206
11.07,0.8332395713538557,0.000015606583396574562,0.16674482206274768
11.08,0.8331665329651105,0.000015601084329815946,0.16681786595055972
11.09,0.8330935460156572,0.00001559559152152455,0.16689085839282125
11.1,0.8330206031378917,0.00001559010441145331,0.16696380675769681
11.11,0.8329477188424952,0.000015584624085042798,0.16703669653341977
11.120000000000001,0.8328748857570798,0.000015579149981484925,0.16710953509293872
11.13,0.8328021038055454,0.000015573682088970542,0.16718232251236562
11.14,0.8327293729119865,0.00001556822039572321,0.16725505886761782
11.15,0.8326566930006479,0.00001556276488999623,0.16732774423446206
11.16,0.8325840639959518,0.000015557315560074135,0.16740037868848817
11.17,0.8325114858224876,0.00001555187239427232,0.16747296230511816
11.18,0.8324389584050205,0.000015546435380937245,0.1675454951595986
11.19,0.8323664816684764,0.00001554100450844544,0.16761797732701517
11.200000000000001,0.8322940482978676,0.000015535579223036006,0.16769041612290939
11.21,0.8322216727036835,0.000015530160598094683,0.16776279713571837
11.22,0.8321493475662141,0.000015524748079308876,0.16783512768570663
11.23,0.832077072811057,0.000015519341655176852,0.1679074078472878
11.24,0.8320048483639811,0.00001551394131422715,0.16797963769470464
11.25,0.831932674150917,0.000015508547045018193,0.168051817302038
11.26,0.8318605500979633,0.000015503158836138497,0.16812394674320053
11.27,0.8317884761313818,0.00001549777667620622,0.16819602609194195
11.28,0.8317164521776025,0.00001549240055386965,0.16826805542184364
11.290000000000001,0.8316444781632099,0.000015487030457805805,0.16834003480633233
11.3,0.8315725468250365,0.000015481665840614364,0.16841197150912293
11.31,0.8315006724748215,0.000015476307763847026,0.16848385121741463
11.32,0.8314288478447388,0.000015470955679561095,0.16855568119958164
11.33,0.8313570728620292,0.000015465609576551696,0.16862746152839425
11.34,0.8312853474540958,0.000015460269443643095,0.16869919227646057
11.35,0.8312136715484992,0.00001545493526968834,0.16877087351623107
11.36,0.8311420450729671,0.000015449607043569977,0.16884250531998934
11.370000000000001,0.8310704679553834,0.00001544428475419904,0.16891408775986239
11.38,0.8309989401237888,0.000015438968390515153,0.16898562090782066
11.39,0.8309274615063842,0.000015433657941486665,0.16905710483567432
11.4,0.8308560248910444,0.000015428352865951382,0.16912854675608968
11.41,0.8307846444921727,0.000015423054213842584,0.16919993245361345
11.42,0.830713313093045,0.00001541776144346477,0.16927126914551158
11.43,0.8306420306224934,0.00001541247454389999,0.16934255690296268
11.44,0.8305707970095136,0.000015407193504258962,0.1694137957969821
11.450000000000001,0.8304996121832452,0.000015401918313679514,0.16948498589844113
11.46,0.8304284760729957,0.000015396648961328408,0.16955612727804292
11.47,0.8303573886082234,0.000015391385436400077,0.1696272200063402
11.48,0.8302863497185395,0.000015386127728116493,0.16969826415373235
11.49,0.8302153593337149,0.000015380875825727763,0.16976925979045934
11.5,0.8301444102918926,0.00001537562919418988,0.16984021407891325
11.51,0.8300735167115336,0.000015370388872028596,0.16991111289959435
11.52,0.8300026714262513,0.000015365154323676196,0.16998196341942504
11.53,0.8299318743664267,0.00001535992553849245,0.17005276570803482
11.540000000000001,0.8298611254625989,0.000015354702505865125,0.1701235198348952
11.55,0.8297904246454381,0.00001534948521520743,0.17019422586934674
11.56,0.82971977184579,0.000015344273655961475,0.170264883880554
11.57,0.8296491669946409,0.00001533906781759567,0.17033549393754155
11.58,0.8295786100231283,0.000015333867689605357,0.17040605610918214
11.59,0.8295081008625401,0.000015328673261512797,0.17047657046419837
11.6,0.8294376324005573,0.000015323484004277228,0.1705470441154384
11.61,0.8293672186610423,0.000015318300945221005,0.17061746303801242
11.620000000000001,0.8292968525272035,0.00001531312355478822,0.17068783434924167
11.63,0.8292265339309249,0.000015307951822607562,0.17075815811725245
11.64,0.8291562628042375,0.00001530278573833411,0.17082843441002418
11.65,0.8290860390793178,0.000015297625291649093,0.17089866329539058
11.66,0.8290158626884946,0.00001529247047226033,0.17096884484103314
11.67,0.8289457335642383,0.000015287321269901464,0.1710389791144918
11.68,0.8288756516391611,0.0000152821776743318,0.17110906618316457
11.69,0.8288056168460392,0.000015277039675338057,0.17117910611428552
11.700000000000001,0.8287356221213555,0.00001527190674976932,0.1712491059718947
11.71,0.8286656813957034,0.000015266779913944505,0.17131905182438265
11.72,0.8285957876011553,0.000015261658644206515,0.17138895074020052
11.73,0.828525940671056,0.000015256542930444176,0.17145880278601355
11.74,0.8284561405388898,0.000015251432762571774,0.1715286080283476
11.75,0.8283863871382905,0.000015246328130529503,0.171598366533579
11.76,0.8283166804030262,0.000015241229024282266,0.17166807836794953
11.77,0.828247020267015,0.000015236135433820904,0.17173774359755115
11.78,0.8281774066643113,0.000015231047349160983,0.17180736228833957
11.790000000000001,0.8281078395291163,0.000015225964760343688,0.1718769345061234
11.8,0.828038311846011,0.00001522088714999846,0.17194646726683904
11.81,0.8279688374536187,0.000015215815523636163,0.17201594673085766
11.82,0.8278994093321693,0.000015210749363388402,0.17208537991846728
11.83,0.827830027416421,0.000015205688659395708,0.17215476689491963
11.84,0.8277606916412747,0.00001520063340182358,0.17222410772532343
11.85,0.8276914019417696,0.00001519558358086217,0.17229340247464953
11.86,0.8276221582530853,0.00001519053918672625,0.172362651207728
11.870000000000001,0.827552960510536,0.00001518550020965495,0.1724318539892544
11.88,0.827483808649576,0.000015180466639911853,0.17250101088378403
11.89,0.8274147026058012,0.000015175438467785274,0.17257012195573102
11.9,0.8273456354111961,0.000015170415181578047,0.17263919417362233
11.91,0.8272766208136803,0.000015165397776182753,0.17270821378854356
11.92,0.8272076518409387,0.000015160385739412185,0.1727771877733219
11.93,0.8271387284291106,0.000015155379061651044,0.17284611619182771
11.94,0.8270698505144708,0.000015150377733307988,0.1729149991077959
11.950000000000001,0.8270010180334271,0.000015145381744815388,0.1729838365848281
11.96,0.826932230922527,0.000015140391086629824,0.17305262868638638
11.97,0.8268634891184506,0.00001513540574923139,0.17312137547580012
11.98,0.8267947925580076,0.00001513042572312359,0.1731900770162693
11.99,0.8267261411781475,0.00001512545099883396,0.1732587333708537
12,0.8266575280575761,0.000015120481070234278,0.17332735146135367
12.01,0.8265889668547541,0.00001511551692178443,0.17339591762832407
12.02,0.8265204506441473,0.00001511055804687448,0.17346443879780588
12.030000000000001,0.8264519793632322,0.00001510560443612526,0.17353291503233165
12.040000000000001,0.8263835529496196,0.000015100656080180937,0.1736013463943002
12.05,0.8263151713410525,0.000015095712969708939,0.17366973294597782
12.06,0.8262468344754017,0.000015090775095399511,0.1737380747495029
12.07,0.8261785422906707,0.000015085842447966046,0.17380637186688136
12.08,0.8261102947249945,0.000015080915018144829,0.17387462435998732
12.09,0.826042091716635,0.000015075992796694978,0.1739428322905683
12.1,0.8259739263903599,0.00001507107528295594,0.1740110025343571
12.11,0.8259058123164228,0.000015066163451138572,0.17407912152012606
12.120000000000001,0.8258377426153282,0.00001506125680010284,0.17414719612787175
12.13,0.8257697172258938,0.000015056355320701274,0.17421522641878553
12.14,0.8257017360870281,0.000015051459003806225,0.17428321245396808
12.15,0.8256337991377662,0.000015046567840312355,0.17435115429439343
12.16,0.8255659063172723,0.000015041681821136805,0.17441905200090652
12.17,0.8254980575648388,0.000015036800937219135,0.17448690563422392
12.18,0.8254302528198828,0.000015031925179520868,0.17455471525493768
12.19,0.8253624920219472,0.00001502705453902569,0.17462248092351376
12.200000000000001,0.8252947683412041,0.000015022188520441358,0.17469020947027547
12.21,0.8252270952608283,0.000015017328087901562,0.17475788741108383
12.22,0.8251594659468547,0.000015012472745647389,0.1748255215803996
12.23,0.8250918803393299,0.00001500762248475067,0.17489311203818536
12.24,0.8250243383784265,0.000015002777296304817,0.17496065884427722
12.25,0.8249568400044403,0.00001499793717142509,0.17502816205838834
12.26,0.8248893851577892,0.000014993102101248285,0.17509562174010956
12.27,0.8248219737790161,0.000014988272076932798,0.17516303794890695
12.280000000000001,0.8247546058087865,0.000014983447089658561,0.17523041074412388
12.290000000000001,0.8246872811878945,0.000014978627130627396,0.1752977401849749
12.3,0.8246199931312757,0.000014973811709818477,0.17536503305701454
12.31,0.8245527550362303,0.000014969001781463417,0.17543227596198827
12.32,0.8244855601136156,0.00001496419685508287,0.17549947568952928
12.33,0.8244184083047098,0.000014959396921963376,0.17556663229836822
12.34,0.8243512995509137,0.000014954601973412906,0.17563374584711292
12.35,0.8242842337937448,0.000014949812000760107,0.17570081639425442
12.36,0.8242172109748452,0.00001494502699535496,0.1757678439981594
12.370000000000001,0.8241502310359786,0.000014940246948568336,0.17583482871707282
12.38,0.8240832939190211,0.000014935471851791872,0.17590177060912707
12.39,0.824016399565976,0.000014930701696437954,0.1759686697323275
12.4,0.8239495412359318,0.000014925935997664007,0.17603553282807055
12.41,0.8238827322414505,0.000014921175699967614,0.17610234658284957
12.42,0.8238159658375939,0.000014916420318054778,0.17616911774208807
12.43,0.823749241966833,0.0000149116698434203,0.17623584636332362
12.44,0.8236825605717658,0.000014906924267579977,0.1763025325039666
12.450000000000001,0.8236159215951023,0.000014902183582069747,0.1763691762213156
12.46,0.8235493249796703,0.000014897447778445897,0.1764357775725513
12.47,0.8234827706684167,0.000014892716848285156,0.17650233661473502
12.48,0.8234162586044053,0.000014887990783184493,0.17656885340481154
12.49,0.8233497887308142,0.000014883269574761061,0.176635327999611
12.5,0.8232833543502667,0.000014878552743257861,0.17670176709699006
12.51,0.8232169686917189,0.000014873841223603688,0.17676815746705749
12.52,0.823150625053817,0.00001486913453559747,0.17683450581164742
12.530000000000001,0.8230843233802039,0.000014864432670936504,0.1769008121871252
12.540000000000001,0.8230180636146335,0.000014859735621337681,0.17696707664974518
12.55,0.8229518457009781,0.00001485504337853796,0.17703329925564334
12.56,0.822885669583221,0.000014850355934293883,0.17709948006084475
12.57,0.8228195352054604,0.000014845673280381684,0.17716561912125925
12.58,0.8227534425119006,0.00001484099540859679,0.17723171649269076
12.59,0.8226873914468845,0.000014836322310755806,0.17729777223080473
12.6,0.8226213753559707,0.000014831653512098121,0.17736379299051722
12.61,0.8225554073856014,0.000014826989938143713,0.17742976562446044
12.620000000000001,0.8224894808774154,0.000014822331113695213,0.17749569679147095
12.63,0.8224235957761871,0.000014817677030645755,0.17756158654678228
12.64,0.8223577520268051,0.000014813027680907878,0.17762743494551403
12.65,0.8222919495742671,0.000014808383056413162,0.17769324204267647
12.66,0.8222261883636832,0.000014803743149112484,0.17775900789316768
12.67,0.8221604683402735,0.00001479910795097572,0.17782473255177558
12.68,0.8220947894493693,0.000014794477453991881,0.17789041607317668
12.69,0.8220291516364128,0.000014789851650168865,0.17795605851193705
12.700000000000001,0.8219635482893263,0.00001478523006965583,0.17802166648060408
12.71,0.8218979924731209,0.000014780613628721312,0.17808722691325038
12.72,0.8218324775718411,0.000014776001857084096,0.17815274642630183
12.73,0.8217670035313642,0.000014771394746827366,0.17821822507388896
12.74,0.8217015702976794,0.000014766792290053187,0.1782836629100305
12.75,0.8216361778168789,0.000014762194478881951,0.1783490599886422
12.76,0.8215708260351753,0.000014757601305453329,0.17841441636351926
12.77,0.8215055148988762,0.000014753012761924813,0.17847973208836182
12.780000000000001,0.8214402443544032,0.000014748428840472705,0.1785450072167563
12.790000000000001,0.8213750143482831,0.000014743849533291605,0.17861024180218363
12.8,0.8213098183102223,0.000014739274375354645,0.17867544241540234
12.81,0.821244669224861,0.00001473470427383253,0.17874059607086523
12.82,0.8211795605180698,0.000014730138763274481,0.1788057093431669
12.83,0.8211144921368047,0.000014725577835948383,0.1788707822853594
12.84,0.8210494640281256,0.000014721021484140185,0.17893581495039024
12.85,0.820984476139199,0.00001471646970015395,0.17900080739110083
12.86,0.8209195284172933,0.000014711922476311557,0.17906575966023036
12.870000000000001,0.8208546208097858,0.000014707379804953103,0.1791306718104093
12.88,0.8207897532641566,0.000014702841678436533,0.17919554389416498
12.89,0.8207249257279915,0.000014698308089137698,0.17926037596391936
12.9,0.8206601316722162,0.000014693778576770371,0.17932517454920704
12.91,0.8205953840021366,0.000014689254039557319,0.17938992674382384
12.92,0.8205306761848952,0.000014684734016795423,0.17945463908108802
12.93,0.8204660081684891,0.000014680218500931212,0.17951931161300994
12.94,0.8204013799010258,0.000014675707484429352,0.17958394439148978
12.950000000000001,0.8203367913307111,0.000014671200959771799,0.1796485374683291
12.96,0.8202722424058506,0.000014666698919457718,0.17971309089522994
12.97,0.8202077330748584,0.000014662201356004278,0.1797776047237856
12.98,0.8201432632862438,0.000014657708261945483,0.1798420790054943
12.99,0.820078832988624,0.000014653219629833148,0.1799065137917461
13,0.8200144356936014,0.000014648735004041038,0.17997091557139452
13.01,0.8199500842281593,0.000014644255273990139,0.18003527151656673
13.02,0.8198857721001576,0.000014639779983643338,0.1800995881198588
13.030000000000001,0.8198214992586158,0.000014635309125621222,0.18016386543225857
13.040000000000001,0.8197572656526562,0.000014630842692561538,0.18022810350465127
13.05,0.8196930712314964,0.000014626380677118878,0.1802923023878265
13.06,0.8196289159444566,0.00001462192307196481,0.1803564621324714
13.07,0.819564799740956,0.000014617469869788037,0.18042058278917425
13.08,0.8195007225705123,0.000014613021063293917,0.1804846644084244
13.09,0.8194366843827436,0.000014608576645204795,0.18054870704061116
13.1,0.8193726787293869,0.000014604136164474969,0.18061271713444862
13.11,0.8193087183601129,0.000014599700501867767,0.18067668193938527
13.120000000000001,0.8192447968229439,0.000014595269205931595,0.18074060790785013
13.13,0.8191809140679012,0.0000145908422694564,0.18080449508982938
13.14,0.8191170700450948,0.000014586419685247982,0.18086834353521994
13.15,0.8190532647047318,0.000014582001446128702,0.18093215329382203
13.16,0.8189894979971155,0.000014577587544937305,0.18099592441533954
13.17,0.8189257698726463,0.000014573177974529019,0.18105965694937914
13.18,0.8188620802818252,0.000014568772727775706,0.18112335094544707
13.19,0.8187984291752437,0.000014564371797565208,0.18118700645295874
13.200000000000001,0.8187348101442472,0.000014559974737355101,0.18125062988101545
13.21,0.818671235862154,0.000014555582419389632,0.18131420855542665
13.22,0.8186076999166558,0.000014551194396727941,0.18137774888894745
13.23,0.8185442022587335,0.000014546810662323124,0.1814412509306042
13.24,0.8184807428394584,0.000014542431209144269,0.18150471472933247
13.25,0.8184173216099982,0.000014538056030176293,0.18156814033397156
13.26,0.8183539385216191,0.000014533685118420581,0.1816315277932625
13.27,0.8182905935256753,0.000014529318466894031,0.18169487715585775
13.280000000000001,0.8182272865736246,0.000014524956068630047,0.18175818847030673
13.290000000000001,0.8181640176170105,0.000014520597916677436,0.1818214617850728
13.3,0.8181007802862691,0.000014516243568921462,0.18188470347016197
13.31,0.8180375871793295,0.000014511893889224526,0.18194790092678126
13.32,0.8179744319230222,0.00001450754843507982,0.1820110605285427
13.33,0.817911314469267,0.000014503207199599334,0.1820741823235334
13.34,0.8178482347700744,0.000014498870175910597,0.1821372663597497
13.35,0.8177851927775563,0.000014494537357157247,0.1822003126850865
13.36,0.8177221884439076,0.000014490208736497923,0.18226332134735584
13.370000000000001,0.8176592217214173,0.000014485884307106819,0.18232629239427564
13.38,0.8175962925624699,0.000014481564062173967,0.18238922587346793
13.39,0.8175334009195337,0.000014477247994904301,0.18245212183247134
13.4,0.8174705404616356,0.000014472935667537334,0.18251498660269688
13.41,0.8174077237122592,0.00001446862793568773,0.18257780765980508
13.42,0.8173449443368626,0.000014464324361208661,0.18264059133877625
13.43,0.8172822022882812,0.00001446002493736636,0.18270333768678143
13.44,0.8172194975194454,0.000014455729657442729,0.1827660467508971
13.450000000000001,0.8171568299833746,0.00001445143851473459,0.1828287185781107
13.46,0.8170941996331759,0.000014447151502553828,0.18289135321532157
13.47,0.8170316064220501,0.000014442868614227627,0.18295395070933568
13.48,0.8169690503032829,0.000014438589843097865,0.18301651110687397
13.49,0.8169065312302419,0.000014434315182520893,0.18307903445457555
13.5,0.8168440429100569,0.000014430044199019621,0.18314152704574413
13.51,0.816781597792683,0.000014425777740090844,0.18320397642957692
13.52,0.816719189581709,0.000014421515371875682,0.18326638890291916
13.530000000000001,0.8166568182308664,0.000014417257087790612,0.18332876451204577
13.540000000000001,0.8165944836939765,0.000014413002881267008,0.18339110330314226
13.55,0.8165321859249484,0.0000144087527457509,0.1834534053223059
13.56,0.816469924877776,0.000014404506674703024,0.18351567061554927
13.57,0.8164077005065464,0.00001440026466159882,0.18357789922879197
13.58,0.8163455127654292,0.0000143960266999282,0.18364009120787086
13.59,0.8162833616086838,0.000014391792783195799,0.18370224659853304
13.6,0.8162212407810187,0.00001438756248213456,0.18376437165649923
13.61,0.8161591626597855,0.000014383336636253129,0.18382645400357825
13.620000000000001,0.8160971209862162,0.00001437911481590995,0.18388849989896786
13.63,0.8160351157149143,0.000014374897014667345,0.18395050938807106
13.64,0.8159731468005706,0.000014370683226102087,0.18401248251620325
13.65,0.8159112141979604,0.000014366473443805172,0.18407441932859578
13.66,0.8158493178619474,0.000014362267661381947,0.18413631987039125
13.67,0.8157874577474786,0.000014358065872452079,0.18419818418664893
13.68,0.8157256338095857,0.000014353868070649177,0.18426001232234362
13.69,0.8156638460033845,0.000014349674249621258,0.1843218043223659
13.700000000000001,0.8156020881107067,0.000014345483984243757,0.1843835664053091
13.71,0.8155403724371862,0.000014341298106162316,0.1844452862647076
13.72,0.8154786927612143,0.000014337116189883407,0.1845069701225958
13.73,0.8154170490382451,0.000014332938229111123,0.1845686180235258
13.74,0.8153554412238175,0.000014328764217563527,0.1846302300119649
13.75,0.8152938692735546,0.000014324594148972675,0.1846918061322964
13.76,0.8152323331431622,0.000014320428017084422,0.1847533464288207
13.77,0.8151708327884312,0.000014316265815658472,0.18481485094575317
13.780000000000001,0.8151093681652293,0.00001431210753846816,0.18487631972723226
13.790000000000001,0.8150479392295126,0.00001430795317930076,0.18493775281730812
13.8,0.8149865397997721,0.000014303802317108008,0.1849991563979108
13.81,0.8149251821107804,0.000014299655775793333,0.18506051823344385
13.82,0.8148638599776289,0.000014295513133944846,0.18512184450923716
13.83,0.814802573356602,0.000014291374385404391,0.1851831352690126
13.84,0.8147413222040654,0.00001428723952402745,0.1852443905564106
13.85,0.8146801064764656,0.000014283108543682902,0.18530561041499072
13.86,0.8146189261303312,0.0000142789814382532,0.1853667948882306
13.870000000000001,0.8145577811222722,0.000014274858201634261,0.1854279440195262
13.88,0.8144966714089806,0.000014270738827735473,0.18548905785219164
13.89,0.8144355969472264,0.000014266623310479391,0.18555013642946308
13.9,0.8143745515916967,0.000014262511232827827,0.18561118589707049
13.91,0.8143135475071719,0.000014258403411062943,0.18567219408941704
13.92,0.8142525785449756,0.000014254299427787965,0.18573316715559665
13.93,0.8141916446622005,0.000014250199276978734,0.18579410513852251
13.94,0.8141307458160226,0.000014246102952624458,0.18585500808102476
13.950000000000001,0.8140698819636901,0.000014242010448727038,0.18591587602586115
13.96,0.8140090530625346,0.000014237921759301736,0.18597670901570612
13.97,0.8139482590699684,0.00001423383687837703,0.18603750709315325
13.98,0.8138874999434794,0.000014229755799994181,0.1860982703007206
13.99,0.813826775640636,0.000014225678518207584,0.1861589986808458
14,0.8137660800518716,0.000014221604619924875,0.18621969834350852
14.01,0.8137054252728088,0.000014217534913923885,0.1862803571922773
14.02,0.8136448051905644,0.000014213468986759383,0.18634098134044888
14.030000000000001,0.8135842197630161,0.000014209406832537259,0.18640157083015138
14.040000000000001,0.8135236689481234,0.000014205348445376406,0.18646212570343118
14.05,0.8134631527039236,0.00001420129381940841,0.18652264600225704
14.06,0.8134026709885293,0.000014197242948777644,0.18658313176852198
14.07,0.8133422237601329,0.000014193195827641273,0.1866435830440395
14.08,0.813281810977002,0.000014189152450168989,0.1867039998705478
14.09,0.8132214325974834,0.00001418511281054337,0.1867643822897061
14.1,0.8131610825473115,0.000014181076499554904,0.186824736376189
14.11,0.8131007728537855,0.0000141770443185924,0.18688505010189596
14.120000000000001,0.8130404974393605,0.000014173015858098647,0.18694532954478144
14.13,0.8129802562626861,0.000014168991112306272,0.18700557474620158
14.14,0.8129200492824887,0.000014164970075460399,0.18706578574743582
14.15,0.812859876457573,0.000014160952741818745,0.18712596258968522
14.16,0.8127997377468148,0.000014156939105651202,0.18718610531407956
14.17,0.8127396331091671,0.000014152929161240083,0.18724621396167168
14.18,0.8126795625036601,0.000014148922902880192,0.18730628857343698
14.19,0.8126195258893959,0.000014144920324878432,0.18736632919027923
14.200000000000001,0.8125595172269822,0.000014140921021847271,0.187426341851996
14.21,0.8124995484762001,0.000014136925787898288,0.18748631459801202
14.22,0.8124396135944134,0.00001413293421730124,0.18754625347136927
14.23,0.8123797125410234,0.00001412894630441192,0.18760615851267223
14.24,0.8123198452755069,0.000014124962043598433,0.18766602976244948
14.25,0.8122600117574109,0.00001412098142924068,0.18772586726115983
14.26,0.8122002119463603,0.000014117004455730966,0.187785671049184
14.27,0.8121404458020494,0.000014113031117473305,0.18784544116683316
14.280000000000001,0.812080713284249,0.000014109061408883912,0.1879051776543421
14.290000000000001,0.8120210143528045,0.000014105095324391065,0.1879648805518711
14.3,0.8119613430027671,0.000014101132462368896,0.18802455586477052
14.31,0.8119017111271987,0.000014097173609762031,0.18808419169919158
14.32,0.8118421127179455,0.000014093218364606925,0.18814379406368992
14.33,0.8117825477351419,0.000014089266721379256,0.1882033629981367
14.34,0.8117230161389948,0.000014085318674566466,0.18826289854233066
14.35,0.8116635178897873,0.000014081374218668466,0.18832240073599404
14.36,0.8116040529478592,0.000014077433348195008,0.1883818696187926
14.370000000000001,0.8115446212736364,0.000014073496057669468,0.18844130523030597
14.38,0.8114852228276137,0.00001406956234162613,0.18850070761004467
14.39,0.8114258575703551,0.00001406563219461107,0.18856007679745027
14.4,0.8113665195309416,0.000014061705218701542,0.18861941876383967
14.41,0.8113072205365012,0.000014057782193782985,0.18867872168130503
14.42,0.8112479546129426,0.000014053862721599755,0.18873799152433576
14.43,0.8111887217211157,0.000014049946796744137,0.1887972283320876
14.44,0.81112952182194,0.00001404603441381988,0.1888564321436462
14.450000000000001,0.8110703548764043,0.000014042125567442215,0.18891560299802823
14.46,0.8110112208455688,0.00001403822025223769,0.18897474093417901
14.47,0.8109521196905642,0.000014034318462844457,0.18903384599097292
14.48,0.8108930513725912,0.000014030420193911939,0.18909291820721494
14.49,0.8108340158529163,0.00001402652544010061,0.18915195762164363
14.5,0.8107750071942422,0.000014022633807133683,0.18921097017195065
14.51,0.8107160371585246,0.000014018746067942587,0.18926994409540748
14.52,0.8106570998053316,0.000014014861827922371,0.18932888533284045
14.530000000000001,0.8105981950962071,0.000014010981081778583,0.1893877939227111
14.540000000000001,0.8105393229927657,0.000014007103824228086,0.1894466699034101
14.55,0.8104804834566939,0.00001400323004999901,0.18950551331325613
14.56,0.8104216764497418,0.000013999359753830476,0.18956432419050434
14.57,0.8103629019337338,0.00001399549293047289,0.1896231025733357
14.58,0.8103041598705588,0.00001399162957468748,0.1896818484998665
14.59,0.8102454502221774,0.000013987769681246912,0.18974056200814132
14.6,0.810186767084501,0.00001398391285946328,0.18979924900263956
14.61,0.8101281221550751,0.000013980059875417824,0.18985789778504947
14.620000000000001,0.8100695095267153,0.000013976210338099368,0.1899165142629466
14.63,0.8100109291616514,0.000013972364242324248,0.18997509847410626
14.64,0.8099523810221768,0.000013968521582919383,0.19003365045624027
14.65,0.8098938650706553,0.000013964682354722773,0.19009217024698996
14.66,0.8098353812695157,0.000013960846552583083,0.1901506578839317
14.67,0.8097769295812554,0.000013957014171359968,0.19020911340457328
14.68,0.8097185099684385,0.000013953185205923751,0.19026753684635556
14.69,0.8096601223936908,0.00001394935965115526,0.19032592824665806
14.700000000000001,0.8096017609857514,0.000013945537119901598,0.19038429347712868
14.71,0.8095434373784937,0.00001394171837149452,0.19044262090313485
14.72,0.8094851456975867,0.000013937903018461919,0.19050091639939487
14.73,0.8094268859059278,0.000013934091055727676,0.19055918000301644
14.74,0.8093686579664751,0.000013930282478226059,0.1906174117510467
14.75,0.8093104618422519,0.000013926477280901789,0.19067561168046723
14.76,0.8092522974963486,0.000013922675458710284,0.19073377982819265
14.77,0.8091941648919201,0.000013918877006617391,0.1907919162310733
14.780000000000001,0.8091360639921884,0.00001391508191959963,0.19085002092589198
14.790000000000001,0.8090779947604387,0.000013911290192643782,0.1909080939493686
14.8,0.8090199513578428,0.000013907501442077606,0.19096614114071514
14.81,0.808961945355329,0.000013903716420582517,0.19102415092825048
14.82,0.8089039709110365,0.000013899934744171752,0.19108212915421932
14.83,0.80884602798851,0.00001389615640787371,0.1911400758550821
14.84,0.8087881165513592,0.000013892381406727277,0.1911979910672341
14.85,0.8087302365632497,0.00001388860973578098,0.1912558748270145
14.86,0.8086723879879198,0.000013884841390094305,0.19131372717069006
14.870000000000001,0.8086145707891681,0.00001388107636473661,0.19137154813446716
14.88,0.8085567849308569,0.000013877314654787604,0.19142933775448828
14.89,0.8084990303769146,0.000013873556255337252,0.19148709606683004
14.9,0.8084413013205615,0.000013869800786141149,0.1915448288786524
14.91,0.8083836092705043,0.00001386604899332777,0.19160252468050232
14.92,0.8083259484169668,0.000013862300496342751,0.19166018928253684
14.93,0.8082683187241281,0.000013858555290316453,0.1917178227205816
14.94,0.8082107201562272,0.000013854813370389158,0.19177542503040243
14.950000000000001,0.8081531526775702,0.000013851074731711311,0.19183299624769815
14.96,0.8080956162525191,0.000013847339369443097,0.19189053640811143
14.97,0.8080381108455047,0.000013843607278755,0.19194804554721653
14.98,0.8079806364210147,0.000013839878454827161,0.19200552370053048
14.99,0.8079231929435999,0.000013836152892849673,0.1920629709035072
15,0.8078657746381659,0.000013832430215955069,0.19212039293161814
15.01,0.8078083929518944,0.000013828711163813584,0.19217777833694175
15.02,0.8077510421067203,0.000013824995359251747,0.1922351328979204
15.030000000000001,0.8076937220674432,0.000013821282797499164,0.19229245664975933
15.040000000000001,0.8076364327989226,0.00001381757347379522,0.1923497496276036
15.05,0.8075791742660772,0.000013813867383388914,0.19240701186653944
15.06,0.8075219464338891,0.00001381016452153915,0.19246424340158938
15.07,0.8074647492674001,0.000013806464883514428,0.1925214442677164
15.08,0.8074075827317124,0.000013802768464592993,0.19257861449982297
15.09,0.8073504467919881,0.00001379907526006263,0.19263575413275186
15.1,0.8072933357044325,0.000013795384896381254,0.1926928689106711
15.11,0.8072362608554186,0.000013791698106855532,0.19274994744647458
15.120000000000001,0.8071792164982164,0.000013788014517641833,0.1928069954872659
15.13,0.8071222025982288,0.000013784334124066321,0.19286401306764717
15.14,0.8070652191209209,0.000013780656921464873,0.19292100022215766
15.15,0.8070082660318129,0.000013776982905182612,0.19297795698528195
15.16,0.8069513432964907,0.000013773312070574502,0.19303488339143876
15.17,0.8068944508805937,0.000013769644413004603,0.19309177947499326
15.18,0.8068375887498248,0.000013765979927846664,0.19314864527024733
15.19,0.8067807568699431,0.000013762318610483679,0.19320548081144642
15.200000000000001,0.806723949528111,0.00001375866009065066,0.19326229181179835
15.21,0.806667178050538,0.00001375500509537994,0.19331906694436662
15.22,0.8066104367214834,0.000013751353254109107,0.19337581192526254
15.23,0.8065537255069428,0.000013747704562258619,0.19343252678849493
15.24,0.8064970443729697,0.000013744059015258178,0.1934892115680151
15.25,0.8064403932856764,0.0000137404166085468,0.19354586629771506
15.26,0.8063837722112326,0.000013736777337572637,0.19360249101142984
15.27,0.8063271811158669,0.000013733141197793187,0.19365908574293533
15.280000000000001,0.8062706199658655,0.000013729508184675065,0.19371565052594986
15.290000000000001,0.8062140887275713,0.000013725878293694002,0.19377218539413502
15.3,0.8061575817187445,0.000013722251157813451,0.19382869603009767
15.31,0.8061011102061142,0.000013718627497881777,0.19388517116638793
15.32,0.806044668504566,0.000013715006946568932,0.1939416164884874
15.33,0.8059882565806739,0.000013711389499387135,0.19399803202982677
15.34,0.8059318744010683,0.000013707775151857626,0.19405441782377986
15.35,0.8058755219324373,0.000013704163899510744,0.19411077390366321
15.36,0.8058191991415263,0.000013700555737885819,0.1941671003027358
15.370000000000001,0.8057629059951337,0.000013696950662531005,0.1942233970542038
15.38,0.8057066424601248,0.000013693348669003799,0.1942796641912062
15.39,0.805650408503405,0.000013689749752869995,0.19433590174684215
15.4,0.8055941984729844,0.000013686153550274047,0.19439211537346532
15.41,0.8055380235767685,0.000013682560775968117,0.19444829386245552
15.42,0.8054818781599232,0.000013678971065807187,0.19450444286901097
15.43,0.8054257621895855,0.000013675384415392781,0.19456056242599912
15.44,0.8053696756329541,0.000013671800820335653,0.1946166525662255
15.450000000000001,0.8053136184572768,0.00001366822027625484,0.19467271332244696
15.46,0.8052575906298601,0.000013664642778778517,0.1947287447273611
15.47,0.8052015921180647,0.000013661068323543377,0.19478474681361171
15.48,0.805145622889308,0.000013657496906194983,0.1948407196137858
15.49,0.8050896829110602,0.000013653928522387444,0.1948966631604174
15.5,0.8050337665612344,0.00001365036281139972,0.19495258307595423
15.51,0.8049778849895614,0.000013646800481973849,0.19500846820995668
15.52,0.8049220325711429,0.000013643241173103335,0.19506432418768396
15.530000000000001,0.8048662092736658,0.00001363968488047667,0.19512015104145372
15.540000000000001,0.8048104150648792,0.000013636131599791495,0.19517594880352104
15.55,0.8047546499125842,0.000013632581326753856,0.1952317175060891
15.56,0.8046989137846342,0.000013629034057078202,0.19528745718130872
15.57,0.8046432066489382,0.000013625489786487603,0.19534316786127534
15.58,0.8045875284734607,0.00001362194851071372,0.19539884957802858
15.59,0.8045318792262174,0.000013618410225496587,0.19545450236355713
15.6,0.8044762533146929,0.000013614874573204151,0.19551013181073393
15.610000000000001,0.8044206618310671,0.000013611342256652531,0.19556572682667625
15.620000000000001,0.8043650991800473,0.000013607812917928048,0.1956212930070348
15.63,0.8043095653298635,0.00001360428655280457,0.19567683038358366
15.64,0.8042540602488008,0.000013600763157064268,0.19573233898804218
15.65,0.8041985839051962,0.000013597242726497596,0.19578781885207733
15.66,0.8041431362674416,0.000013593725256903487,0.19584327000730148
15.67,0.8040877173039822,0.000013590210744089164,0.1958986924852737
15.68,0.8040323269833148,0.000013586699183870072,0.1959540863175013
15.69,0.8039769652739891,0.000013583190572069969,0.19600945153543883
15.700000000000001,0.8039216266127239,0.000013579684554101203,0.19606479370272198
15.71,0.8038663220347958,0.000013576181826937218,0.19612010178337727
15.72,0.8038110459741692,0.0000135726820357123,0.19617538134379509
15.73,0.8037557983996068,0.000013569185176283317,0.19623063241521696
15.74,0.8037005792799186,0.000013565691244514968,0.19628585502883691
15.75,0.8036453885839685,0.000013562200236280176,0.19634104921579523
15.76,0.8035902262806711,0.000013558712147459953,0.19639621500718143
15.77,0.8035350923389971,0.000013555226973943688,0.19645135243402895
15.780000000000001,0.8034799867279645,0.000013551744711628544,0.19650646152732387
15.790000000000001,0.8034249094166444,0.000013548265356419876,0.19656154231799922
15.8,0.803369854870666,0.000013544788556730785,0.19661660034077724
15.81,0.8033148340690114,0.000013541315003772923,0.19667162461598484
15.82,0.8032598414745882,0.000013537844345685384,0.19672662068106614
15.83,0.8032048770566695,0.000013534376578405382,0.19678158856675204
15.84,0.8031499407845855,0.000013530911697878485,0.19683652830371667
15.85,0.8030950326277122,0.00001352744970005785,0.19689143992258773
15.860000000000001,0.8030401525554791,0.000013523990580904781,0.19694632345393998
15.870000000000001,0.8029853005373647,0.000013520534336388349,0.19700117892829888
15.88,0.8029304765428994,0.000013517080962485612,0.19705600637613813
15.89,0.8028756805416644,0.000013513630455181502,0.19711080582788046
15.9,0.8028209070278846,0.000013510182465847332,0.1971655827896496
15.91,0.8027661669248443,0.000013506737680012143,0.19722032633747572
15.92,0.8027114547240738,0.00001350329574877685,0.19727504198017742
15.93,0.8026567703953555,0.000013499856668157662,0.1973297297479763
15.94,0.8026021139085187,0.000013496420434178394,0.19738438967104716
15.950000000000001,0.8025474852334447,0.000013492987042870798,0.19743902177951247
15.96,0.8024928843400823,0.000013489556490275545,0.19749362610342747
15.97,0.8024383111983753,0.00001348612877243704,0.19754820267285228
15.98,0.8023837657783716,0.000013482703885411662,0.19760275151774304
15.99,0.8023292480501496,0.00001347928182526174,0.19765727266802513
16,0.8022747525362128,0.00001347586224627474,0.19771177160154088
16.01,0.8022202901047492,0.00001347244582837547,0.19776623744942246
16.02,0.8021658552755959,0.000013469032225584568,0.1978206756921785
16.03,0.8021114480190287,0.000013465621433995041,0.19787508635953732
16.04,0.8020570683053704,0.000013462213449707337,0.19792946948117993
16.05,0.8020027161049952,0.000013458808268829735,0.19798382508673598
16.06,0.8019483913883221,0.000013455405887477715,0.19803815320579043
16.07,0.8018940941258226,0.000013452006301774524,0.19809245386787566
16.080000000000002,0.8018398242880133,0.000013448609507850794,0.19814672710247888
16.09,0.8017855818454594,0.000013445215501844603,0.1982009729390387
16.1,0.8017313613486388,0.000013441823940918676,0.19825519682742032
16.11,0.8016771736112264,0.000013438435499470124,0.19830938795327416
16.12,0.8016230131810536,0.00001343504983439788,0.19836355176911205
16.13,0.801568880028882,0.000013431666941870047,0.19841768830417608
16.14,0.8015147741255167,0.000013428286818061891,0.1984717975876652
16.15,0.8014606954418115,0.000013424909459156066,0.1985258796487293
16.16,0.8014066439486681,0.000013421534861342615,0.19857993451647055
16.17,0.8013526196170354,0.000013418163020818932,0.19863396221994378
16.18,0.8012986224179092,0.000013414793933789667,0.19868796278815704
16.19,0.8012446523223314,0.000013411427596466734,0.19874193625007208
16.2,0.8011907039084453,0.000013408063668847571,0.1987958880278859
16.21,0.8011367879359882,0.000013404702819876547,0.19884980736119193
16.22,0.8010828989804897,0.000013401344709291087,0.19890369967480104
16.23,0.8010290370131843,0.00001339798933333244,0.19895756499748238
16.240000000000002,0.8009752020053436,0.000013394636688248453,0.1990114033579682
16.25,0.8009213939282961,0.000013391286770294729,0.1990652147849336
16.26,0.8008676127534118,0.00001338793957573384,0.1991189993070125
16.27,0.8008138584521077,0.000013384595100835507,0.19917275695279144
16.28,0.8007601309958478,0.000013381253341876616,0.19922648775081037
16.29,0.8007064303561426,0.000013377914295141195,0.1992801917295622
16.3,0.8006527511384988,0.000013374577623421742,0.1993338742838778
16.31,0.8005991040492889,0.000013371243990283926,0.1993875247067208
16.32,0.800545483691437,0.000013367913058263854,0.19944114839550478
16.330000000000002,0.8004918900366363,0.000013364584823673815,0.19949474537853998
16.34,0.8004383230566267,0.000013361259282833144,0.1995483156840905
16.35,0.8003847827231964,0.00001335793643206861,0.19960185934037158
16.36,0.8003312690081676,0.000013354616267712914,0.19965537637556463
16.37,0.8002777818834206,0.000013351298786106726,0.19970886681779332
16.38,0.8002243213208772,0.000013347983983597449,0.19976233069513924
16.39,0.8001708872925031,0.000013344671856539329,0.19981576803564038
16.4,0.800117474430883,0.000013341362070481566,0.19986918420704652
16.41,0.8000640933895753,0.00001333805528368306,0.199922568555141
16.42,0.8000107387986047,0.000013334751161439783,0.19997592645023382
16.43,0.7999574106301175,0.000013331449700133687,0.20002925792018236
16.44,0.7999041088563013,0.000013328150896153376,0.20008256299280258
16.45,0.7998508334493979,0.000013324854745894717,0.20013584169585621
16.46,0.7997975843816854,0.000013321561245760216,0.2001890940570689
16.47,0.7997443616254876,0.000013318270392159072,0.20024232010412027
16.48,0.7996911651531734,0.000013314982181507347,0.20029551986464508
16.490000000000002,0.7996379949371547,0.000013311696610227832,0.20034869336623506
16.5,0.7995848456368055,0.00001330841334658862,0.20040184594984786
16.51,0.7995317278534203,0.0000133051330436127,0.20045496701353607
16.52,0.7994786362438348,0.000013301855369317977,0.20050806190079593
16.53,0.7994255707806369,0.000013298580320154226,0.20056113063904293
16.54,0.7993725314364626,0.000013295307892578124,0.20061417325564485
16.55,0.7993195181839886,0.000013292038083052922,0.20066718977792833
16.56,0.7992665309959343,0.00001328877088804845,0.2007201802331777
16.57,0.7992135698450628,0.000013285506304041238,0.20077314464863322
16.580000000000002,0.7991606347041824,0.000013282244327514552,0.20082608305149008
16.59,0.7991077255461442,0.000013278984954958212,0.20087899546890087
16.6,0.799054837056818,0.000013275727857321307,0.20093188721532468
16.61,0.7990019797857906,0.000013272473682461782,0.20098474774052696
16.62,0.7989491484164034,0.0000132692221010805,0.20103758236149552
16.63,0.7988963429216895,0.000013265973109694469,0.20109039110520077
16.64,0.7988435632747155,0.000013262726704826331,0.20114317399857967
16.65,0.7987908094485887,0.00001325948288300529,0.2011959310685283
16.66,0.7987380814164609,0.00001325624164076703,0.20124866234189837
16.67,0.7986853791515262,0.000013253002974653821,0.20130136784549918
16.68,0.7986327026270221,0.000013249766881214438,0.20135404760609665
16.69,0.7985800518162253,0.000013246533357003909,0.20140670165041774
16.7,0.7985274214312316,0.000013243302075616413,0.20145933526669282
16.71,0.7984748219704239,0.0000132400736798112,0.20151193795589634
16.72,0.7984222481434142,0.00001323684784293887,0.20156451500874284
16.73,0.7983696999236453,0.000013233624561579965,0.20161706645179317
16.740000000000002,0.7983171772846115,0.000013230403832322056,0.20166959231155618
16.75,0.7982646801998429,0.00001322718565175871,0.20172209261450538
16.76,0.7982122086429121,0.000013223970016489889,0.20177456738707142
16.77,0.7981597625874339,0.00001322075692312182,0.20182701665564295
16.78,0.7981073420070648,0.000013217546368267297,0.20187944044656694
16.79,0.7980549468755032,0.000013214338348545253,0.2019318387861483
16.8,0.7980025719307883,0.000013211132540158662,0.20198421693667157
16.81,0.7979502276206364,0.00001320792958083614,0.20203656444978277
16.82,0.7978979086806339,0.00001320472914654054,0.20208888659021954
16.830000000000002,0.7978456150846419,0.00001320153123391577,0.20214118338412418
16.84,0.7977933468065642,0.00001319833583961214,0.20219345485759616
16.85,0.7977411038203458,0.000013195142960286116,0.20224570103669393
16.86,0.7976888860999728,0.000013191952592600468,0.2022979219474346
16.87,0.797636693619472,0.000013188764733224065,0.2023501176157948
16.88,0.7975845263529132,0.000013185579378832159,0.20240228806770796
16.89,0.7975323842744035,0.00001318239652610591,0.20245443332907034
16.9,0.7974802621476558,0.00001317921585382203,0.20250655863649042
16.91,0.7974281703702432,0.00001317603799474477,0.2025586535917621
16.92,0.7973761037034437,0.00001317286262741337,0.20261072343392889
16.93,0.7973240621215283,0.00001316968974853364,0.20266276818872317
16.94,0.7972720455988082,0.000013166519354817487,0.20271478788183703
16.95,0.7972200541096336,0.00001316335144298284,0.2027667825389234
16.96,0.7971680876283959,0.000013160186009753691,0.2028187521855944
16.97,0.7971161461295165,0.000013157023051859596,0.20287069684743161
16.98,0.7970642295874805,0.000013153862566037474,0.2029226165499535
16.990000000000002,0.7970123379767909,0.000013150704549028986,0.20297451131866004
17,0.7969604660865737,0.000013147548682150365,0.20302638636474418
17.01,0.7969086242647534,0.00001314439559326549,0.20307823133965333
17.02,0.7968568072980468,0.000013141244963456209,0.20313005145698979
17.03,0.796805015161122,0.000013138096789488544,0.2031818467420885
17.04,0.796753247828686,0.000013134951068134385,0.2032336172202459
17.05,0.796701505275487,0.00001313180779617169,0.20328536291671684
17.06,0.7966497874763113,0.000013128666970384262,0.20333708385671828
17.07,0.7965980944059846,0.000013125528587561822,0.20338878006542782
17.080000000000002,0.7965464260393715,0.000013122392644499985,0.20344045156798396
17.09,0.7964947823513754,0.000013119259138000222,0.20349209838948662
17.1,0.7964431581562679,0.00001311612775188418,0.20354372571598026
17.11,0.7963915637528363,0.000013112999109179481,0.20359532324805457
17.12,0.7963399939529615,0.000013109872893476051,0.20364689617414503
17.13,0.7962884487317063,0.000013106749101598968,0.20369844451919206
17.14,0.7962369280641666,0.000013103627730378823,0.20374996830810305
17.150000000000002,0.7961854319254787,0.000013100508776652127,0.2038014675657446
17.16,0.7961339602908164,0.000013097392237261078,0.20385294231694634
17.17,0.7960825131353927,0.00001309427810905373,0.20390439258649826
17.18,0.7960310904344576,0.000013091166388883815,0.20395581839915347
17.19,0.7959796921632928,0.00001308805707361037,0.2040072197796336
17.2,0.7959283131610752,0.000013084949849528338,0.20405860188907532
17.21,0.795876963677932,0.000013081845334890526,0.20410995447673308
17.22,0.7958256385506609,0.000013078743215762287,0.20416128270612333
17.23,0.7957743377547026,0.000013075643489025934,0.20421258660180835
17.240000000000002,0.795723061265534,0.00001307254615156939,0.20426386618831438
17.25,0.7956718090586756,0.000013069451200286565,0.2043151214901241
17.26,0.7956205811096784,0.000013066358632076608,0.20436635253168955
17.27,0.7955693773941332,0.000013063268443844434,0.2044175593374229
17.28,0.7955181978876745,0.000013060180632500955,0.20446874193169298
17.29,0.7954670425659663,0.00001305709519496217,0.20451990033883868
17.3,0.7954159062928032,0.000013054011819961672,0.2045710396953768
17.31,0.7953647992701561,0.000013050931121039884,0.20462214979872284
17.32,0.7953137163594793,0.000013047852786704557,0.20467323578773394
17.330000000000002,0.7952626575365908,0.00001304477681389436,0.20472429768659536
17.34,0.795211622777337,0.000013041703199552974,0.20477533551946342
17.35,0.7951606120576166,0.000013038631940630524,0.2048263493104428
17.36,0.795109625353351,0.00001303556303408183,0.20487733908361497
17.37,0.7950586626405037,0.000013032496476867528,0.2049283048630194
17.38,0.7950077238950749,0.000013029432265953728,0.20497924667265915
17.39,0.7949568090931015,0.000013026370398312049,0.20503016453650016
17.400000000000002,0.7949059131227628,0.00001302331056508365,0.2050810635666721
17.41,0.7948550461383429,0.000013020253375156255,0.20513193360828194
17.42,0.7948042030257035,0.000013017198519448114,0.205182779775777
17.43,0.794753383761027,0.000013014145994952589,0.20523360209297806
17.44,0.7947025883205326,0.000013011095798668495,0.20528440058366867
17.45,0.7946518166804726,0.000013008047927599912,0.20533517527159983
17.46,0.7946010688171423,0.000013005002378756668,0.20538592618047893
17.47,0.7945503447068675,0.00001300195914915367,0.20543665333398337
17.48,0.7944996443260096,0.00001299891823581116,0.20548735675575458
17.490000000000002,0.7944489676509667,0.00001299587963575478,0.20553803646939753
17.5,0.7943983095940593,0.000012992843042502126,0.20558869756289816
17.51,0.7943476802623535,0.000012989809060347195,0.2056393299285862
17.52,0.7942970745658732,0.00001298677738258728,0.20568993865674423
17.53,0.7942464924811634,0.000012983748006269547,0.20574052377083032
17.54,0.794195933984794,0.000012980720928445908,0.2057910852942775
17.55,0.7941453990533811,0.000012977696146174046,0.20584162325047273
17.56,0.7940948876635741,0.000012974673656516898,0.20589213766276943
17.57,0.794044399792055,0.00001297165345654247,0.20594262855448847
17.580000000000002,0.7939939354155433,0.000012968635543324167,0.20599309594891338
17.59,0.793943494510793,0.00001296561991394053,0.20604353986929302
17.6,0.7938930720140204,0.000012962606264254542,0.20609396537971536
17.61,0.7938426779855353,0.00001295959519402445,0.20614436241927067
17.62,0.7937923073592815,0.000012956586398895744,0.2061947360543196
17.63,0.7937419601121525,0.000012953579875967769,0.20624508630797156
17.64,0.7936916362210764,0.00001295057562234508,0.20629541320330125
17.650000000000002,0.7936413356630178,0.000012947573635137414,0.20634571676334712
17.66,0.7935910584149727,0.000012944573911459553,0.20639599701111586
17.67,0.7935408044539757,0.000012941576448431595,0.2064462539695759
17.68,0.7934905737570934,0.000012938581243178641,0.2064964876616634
17.69,0.7934403663014278,0.000012935588292830927,0.2065466981102794
17.7,0.7933901770468516,0.00001293259729556651,0.20659689035585288
17.71,0.7933400160073807,0.000012929608846665226,0.20664705438377265
17.72,0.793289878140636,0.00001292662264409024,0.2066971952367199
17.73,0.7932397634238576,0.000012923638684992187,0.2067473129374574
17.740000000000002,0.7931896718343151,0.00001292065696652655,0.20679740750871836
17.75,0.7931396033493174,0.000012917677485854084,0.20684747897319672
17.76,0.793089557946207,0.000012914700240140612,0.2068975273535529
17.77,0.7930395356023549,0.000012911725226556606,0.2069475526724186
17.78,0.792989536295177,0.000012908752442278283,0.20699755495238073
17.79,0.7929395600021103,0.000012905781884486024,0.20704753421600522
17.8,0.792889601706453,0.000012902813253643483,0.2070974954802934
17.81,0.7928396713763731,0.000012899847140607884,0.20714742877648626
17.82,0.7927897639929351,0.0000128968832456304,0.20719733912381927
17.830000000000002,0.7927398795337153,0.000012893921565911638,0.2072472265447188
17.84,0.792690017976323,0.00001289096209865708,0.20729709106157834
17.85,0.7926401792984056,0.000012888004841077469,0.20734693269675333
17.86,0.7925903634776381,0.000012885049790388063,0.2073967514725715
17.87,0.7925405704917319,0.00001288209694380928,0.20744654741132432
17.88,0.7924908003184316,0.000012879146298566469,0.20749632053526987
17.89,0.7924410529355133,0.000012876197851889611,0.20754607086663485
17.900000000000002,0.7923913233494642,0.000012873251306498472,0.20759580339922934
17.91,0.7923416214830468,0.000012870307248882754,0.20764550820970434
17.92,0.7922919423405388,0.000012867365381552433,0.20769519029407965
17.93,0.7922422858998482,0.000012864425701757061,0.20774484967445
17.94,0.7921926521389149,0.000012861488206750923,0.20779448637287837
17.95,0.7921430410357153,0.000012858552893793412,0.2078441004113909
17.96,0.792093452568257,0.000012855619760148575,0.20789369181198283
17.97,0.7920438867145788,0.000012852688803085231,0.2079432605966181
17.98,0.791994343452753,0.000012849760019877018,0.20799280678722712
17.990000000000002,0.7919448227608821,0.000012846833407802243,0.20804233040571013
18,0.7918953196684183,0.00001284390867180823,0.20809183642290988
18.01,0.7918458440531555,0.000012840986394071265,0.20814131496045044
18.02,0.7917963909423545,0.00001283806627933134,0.20819077099136613
18.03,0.7917469603142497,0.000012835148324885895,0.20824020453742537
18.04,0.7916975521471066,0.000012832232528037102,0.20828961562036538
18.05,0.7916481664192229,0.00001282931888609173,0.20833900426189103
18.06,0.7915988031089283,0.000012826407396361408,0.20838837048367537
18.07,0.7915494621945867,0.000012823498056162418,0.20843771430735716
18.080000000000002,0.7915001436545891,0.000012820590862815643,0.20848703575454808
18.09,0.791450847467363,0.000012817685813646691,0.2085363348468233
18.1,0.7914015686850956,0.000012814782615802103,0.2085856165322886
18.11,0.791352317141046,0.000012811881847198105,0.20863487097710676
18.12,0.7913030878852317,0.000012808983214776472,0.2086841031315535
18.13,0.791253880896208,0.000012806086715881387,0.20873331301707615
18.14,0.7912046961525531,0.00001280319234786171,0.20878250065509907
18.150000000000002,0.7911555336328039,0.000012800300108066539,0.20883166606708806
18.16,0.7911063933157579,0.000012797409993860828,0.2088808092742482
18.17,0.7910572751800437,0.000012794522002606228,0.20892993029795373
18.18,0.7910081792043466,0.000012791636131668286,0.2089790291595217
18.19,0.790959105367415,0.000012788752378418797,0.2090281058802066
18.2,0.7909100487439511,0.000012785870452175949,0.20907716538559673
18.21,0.7908610191230987,0.000012782990926647982,0.20912619788597467
18.22,0.7908120115774152,0.000012780113510950855,0.20917520830907385
18.23,0.7907630260857645,0.00001277723820247443,0.20922419667603298
18.240000000000002,0.790714062627043,0.000012774364998613212,0.20927316300795837
18.25,0.7906651211801768,0.000012771493896766182,0.20932210732592638
18.26,0.7906162017241235,0.000012768624894336807,0.20937102965098217
18.27,0.7905673042378718,0.000012765757988733099,0.20941993000413947
18.28,0.7905184287004402,0.000012762893177367492,0.20946880840638243
18.29,0.7904695750908772,0.000012760030457656806,0.2095176648786651
18.3,0.7904207385061863,0.0000127571695410638,0.20956650432427262
18.31,0.7903719286918177,0.000012754310997140152,0.20961531699718514
18.32,0.7903231407426464,0.00001275145453714866,0.20966410780281644
18.330000000000002,0.790274374637845,0.000012748600158524088,0.2097128767619965
18.34,0.7902256303566128,0.000012745747858705453,0.20976162389552855
18.35,0.790176907878183,0.000012742897635136347,0.2098103492241819
18.36,0.7901282071818159,0.000012740049485264614,0.20985905276869887
18.37,0.7900795282468053,0.000012737203406542644,0.20990773454978817
18.38,0.7900308710524719,0.000012734359396427095,0.20995639458813165
18.39,0.7899822355781675,0.000012731517452378979,0.21000503290438013
18.400000000000002,0.7899336169429811,0.000012728677287978816,0.2100536543797309
18.41,0.7898850248490781,0.000012725839468672269,0.21010224931145324
18.42,0.7898364544134383,0.000012723003707842249,0.21015082258285386
18.43,0.7897879056155319,0.000012720170002967187,0.2101993742144651
18.44,0.7897393784348614,0.000012717338351529906,0.21024790422678705
18.45,0.7896908728509574,0.000012714508751017482,0.21029641264029159
18.46,0.789642388843379,0.000012711681198921248,0.21034489947542206
18.47,0.7895939263917183,0.000012708855692736998,0.21039336475258893
18.48,0.7895454854755943,0.000012706032229964684,0.2104418084921757
18.490000000000002,0.789497066074656,0.000012703210808108566,0.21049023071453593
18.5,0.7894486633298634,0.000012700391142840558,0.21053863627899375
18.51,0.789400286900505,0.00001269757379555,0.21058701552569944
18.52,0.7893519319254529,0.000012694758481713594,0.21063537331606536
18.53,0.7893035983844727,0.000012691945198852759,0.21068370967032843
18.54,0.789255286257358,0.000012689133944492782,0.21073202460869753
18.55,0.7892069955239358,0.000012686324716163561,0.21078031815134804
18.56,0.7891587261640595,0.000012683517511399003,0.21082859031842913
18.57,0.7891104781576109,0.000012680712327737235,0.21087684113006133
18.580000000000002,0.7890622514845002,0.000012677909162720464,0.2109250706063371
18.59,0.7890140461246681,0.00001267510801389525,0.21097327876731803
18.6,0.7889658572407422,0.000012672308598999472,0.2110214704506588
18.61,0.7889176944495295,0.00001266951147541461,0.21106963603899506
18.62,0.7888695529115866,0.000012666716360685568,0.21111778037205275
18.63,0.7888214326069685,0.000012663923252375505,0.21116590346977915
18.64,0.7887733335157534,0.000012661132148051438,0.21121400535209855
18.650000000000002,0.7887252556180636,0.000012658343045285247,0.2112620860388911
18.66,0.7886771988940341,0.000012655555941652224,0.21131014555002425
18.67,0.7886291633238363,0.000012652770834732128,0.211358183905329
18.68,0.7885811488876658,0.000012649987722108615,0.21140620112461206
18.69,0.7885331555657482,0.00001264720660136954,0.2114541972276504
18.7,0.7884851785421672,0.000012644427192292846,0.21150217703064056
18.71,0.7884372273916538,0.000012641650048301025,0.21155013095829792
18.72,0.7883892972962393,0.00001263887488898142,0.21159806382887172
18.73,0.7883413882362608,0.00001263610171193808,0.2116459756620273
18.740000000000002,0.788293500192086,0.000012633330514779236,0.21169386647739924
18.75,0.7882456331441093,0.00001263056129511709,0.21174173629459556
18.76,0.7881977870727542,0.00001262779405056794,0.2117895851331952
18.77,0.7881499619584681,0.000012625028778751907,0.21183741301275316
18.78,0.7881021577817303,0.000012622265477293318,0.2118852199527924
18.79,0.7880543745230486,0.00001261950414382058,0.21193300597280756
18.8,0.7880066073877631,0.000012616744500127235,0.2119807758677368
18.81,0.787958865908906,0.00001261398709572302,0.2120285201039983
18.82,0.7879111452897869,0.000012611231652213194,0.21207624347856088
18.830000000000002,0.7878634455110216,0.000012608478167241949,0.21212394601081114
18.84,0.7878157665532575,0.00001260572663845764,0.21217162772010406
18.85,0.7877681083971598,0.000012602977063512053,0.21221928862577666
18.86,0.7877204710234303,0.000012600229440061452,0.2122669287471296
18.87,0.7876728544127958,0.000012597483765765841,0.21231454810343847
18.88,0.7876252585460091,0.00001259474003828917,0.21236214671395265
18.89,0.7875776834038525,0.000012591998255299376,0.21240972459789223
18.900000000000002,0.7875301242127236,0.000012589258140581094,0.2124572865291358
18.91,0.7874825904643438,0.000012586520239778,0.21250482301541646
18.92,0.7874350773830971,0.000012583784276488546,0.21255233883262636
18.93,0.7873875849498737,0.000012581050248396244,0.2125998339998779
18.94,0.7873401131455873,0.000012578318153188267,0.21264730853625954
18.95,0.7872926619511849,0.000012575587988556076,0.21269476246082658
18.96,0.7872452313476341,0.000012572859752194569,0.21274219579261366
18.97,0.787197821315934,0.000012570133441802762,0.21278960855062423
18.98,0.7871504318371076,0.000012567409055083422,0.21283700075383727
18.990000000000002,0.7871030628922052,0.000012564686589743098,0.21288437242120503
19,0.7870557097284882,0.000012561965771533611,0.2129317283057403
19.01,0.7870083817967423,0.000012559247142278178,0.21297905895611546
19.02,0.7869610743422302,0.000012556530427544288,0.2130263691273423
19.03,0.7869137873461105,0.000012553815625053922,0.21307365883826443
19.04,0.7868665207895655,0.00001255110273253269,0.21312092810770192
19.05,0.7868192746538053,0.000012548391747710012,0.21316817695444698
19.06,0.7867720489200659,0.000012545682668319153,0.21321540539726577
19.07,0.7867248435696114,0.000012542975492097143,0.21326261345489653
19.080000000000002,0.7866776585837316,0.000012540270216784858,0.21330980114605158
19.09,0.7866304939437397,0.000012537566840126654,0.21335696848942012
19.1,0.7865833449175628,0.000012534865089817588,0.21340412021734742
19.11,0.7865362209154284,0.000012532165503905515,0.2134512469190677
19.12,0.7864891172032846,0.000012529467809903462,0.21349835332890546
19.13,0.7864420337625506,0.000012526772005570812,0.2135454394654438
19.14,0.786394970574672,0.000012524078088670786,0.21359250534723934
19.150000000000002,0.7863479276211209,0.000012521386056970284,0.21363955099282209
19.16,0.7863009048833945,0.000012518695908239876,0.21368657642069722
19.17,0.7862539023430185,0.000012516007640253949,0.21373358164934123
19.18,0.7862069199815382,0.000012513321250790277,0.21378056669721096
19.19,0.7861599577805308,0.000012510636737630607,0.21382753158273154
19.2,0.7861130110283985,0.000012507953830390052,0.21387448101777112
19.21,0.7860660890951782,0.000012505273063385166,0.21392140563175846
19.22,0.7860191872673078,0.000012502594166050972,0.21396831013852616
19.23,0.7859723055264652,0.000012499917136183748,0.21401519455639859
19.240000000000002,0.7859254438543539,0.000012497241971583332,0.2140620589036745
19.25,0.7858786022327026,0.0000124945686700535,0.21410890319862738
19.26,0.7858317806432648,0.000012491897229401201,0.21415572745950584
19.27,0.7857849790678202,0.000012489227647437256,0.21420253170453238
19.28,0.7857381974881733,0.0000124865599219761,0.21424931595190472
19.29,0.7856914358861553,0.000012483894050835668,0.21429608021979385
19.3,0.7856446895704515,0.000012481229765528111,0.21434282919978295
19.31,0.7855979678712725,0.000012478567596682327,0.21438955356113087
19.32,0.7855512660953606,0.000012475907275632533,0.21443625799736374
19.330000000000002,0.7855045842246481,0.000012473248800211105,0.2144829425265517
19.34,0.7854579222410887,0.000012470592168253807,0.21452960716674307
19.35,0.7854112801266618,0.000012467937377599994,0.21457625193596055
19.36,0.7853646578633785,0.000012465284426092925,0.21462287685219542
19.37,0.7853180554332664,0.000012462633311578949,0.21466948193342203
19.38,0.7852714728183788,0.000012459984031907986,0.21471606719758926
19.39,0.7852249100007963,0.000012457336584933617,0.21476263266261877
19.400000000000002,0.7851783623093123,0.000012454690704042937,0.2148091829999837
19.41,0.7851318390346587,0.000012452046916219442,0.21485570891842512
19.42,0.7850853355037011,0.000012449404954674278,0.21490221509134425
19.43,0.7850388516986149,0.000012446764817274834,0.21494870153656787
19.44,0.7849923876016037,0.000012444126501892178,0.21499516827189438
19.45,0.7849459431948982,0.000012441490006400994,0.2150416153150954
19.46,0.7848995184607503,0.000012438855328679291,0.21508804268392098
19.47,0.7848531133814376,0.00001243622246660856,0.2151344503960958
19.48,0.7848067279392591,0.000012433591418073629,0.21518083846932282
19.490000000000002,0.7847603621165427,0.000012430962180963005,0.2152272069212764
19.5,0.7847140112619957,0.000012428334490516138,0.21527356040351378
19.51,0.7846676846272339,0.00001242570887011359,0.21531988966389598
19.52,0.7846213775590561,0.00001242308505482099,0.21536619935588905
19.53,0.7845750900398845,0.000012420463042540445,0.215412489497073
19.54,0.7845288220521643,0.000012417842831177403,0.21545876010500448
19.55,0.7844825735783689,0.000012415224418640916,0.21550501119721244
19.56,0.7844363446009918,0.000012412607802843292,0.21555124279120538
19.57,0.784390135102553,0.000012409992981700287,0.21559745490446536
19.580000000000002,0.7843439450655953,0.00001240737995313105,0.2156436475544515
19.59,0.7842977744726957,0.000012404768715058652,0.21568982075858928
19.6,0.7842516186922784,0.000012402159004552229,0.215735979148717
19.61,0.7842054869372025,0.000012399551341431424,0.21578211351145607
19.62,0.7841593745740161,0.000012396945462594406,0.21582822848052133
19.63,0.7841132815853832,0.000012394341365977225,0.21587432407325083
19.64,0.7840672079539879,0.000012391739049519086,0.2159204003069626
19.650000000000002,0.7840211536625414,0.000012389138511162729,0.2159664571989474
19.66,0.7839751186937756,0.000012386539748854054,0.21601249476647558
19.67,0.7839291030304476,0.000012383942760542388,0.21605851302679185
19.68,0.7838831066553363,0.000012381347544180277,0.21610451199711947
19.69,0.7838371295512478,0.000012378754097723775,0.21615049169465442
19.7,0.7837911671061868,0.000012376162160052587,0.21619645673165316
19.71,0.7837452284945684,0.000012373572247464585,0.21624239793318414
19.72,0.7836993091025223,0.000012370984098669542,0.21628831991337905
19.73,0.7836534089129448,0.000012368397711636493,0.2163342226893436
19.740000000000002,0.7836075279087562,0.00001236581308433781,0.21638010627815946
19.75,0.7835616660729003,0.000012363230214749155,0.2164259706968849
19.76,0.7835158233883434,0.00001236064910084936,0.2164718159625558
19.77,0.783469999838077,0.000012358069740620714,0.2165176420921824
19.78,0.7834241954051131,0.00001235549213204854,0.21656344910275485
19.79,0.7833784100724885,0.000012352916273121546,0.21660923701123833
19.8,0.7833326392475896,0.000012350341904507714,0.21665501041050594
19.81,0.7832868920667481,0.00001234776953902428,0.21670076016371292
19.82,0.7832411639354913,0.00001234519891717117,0.21674649086559158
19.830000000000002,0.783195454836947,0.000012342630036950043,0.2167922025330161
19.84,0.7831497647542623,0.000012340062896365313,0.2168378951828413
19.85,0.7831040936706128,0.000012337497493425113,0.21688356883189372
19.86,0.7830584415691945,0.000012334933826140578,0.2169292234969794
19.87,0.783012808433228,0.000012332371892526138,0.21697485919487952
19.88,0.7829671942459557,0.000012329811690599347,0.21702047594235366
19.89,0.7829215989906388,0.000012327253218380767,0.21706607375614279
19.900000000000002,0.7828760180938785,0.000012324696218306301,0.21711165720990316
19.91,0.7828304606542491,0.000012322141199751601,0.21715721720455114
19.92,0.782784922096505,0.000012319587904986187,0.21720275831559005
19.93,0.7827394024039978,0.000012317036332043227,0.21724828055967021
19.94,0.7826939015601053,0.000012314486478959263,0.21729378395341573
19.95,0.7826484195482283,0.000012311938343773989,0.21733926851342794
19.96,0.7826029563517879,0.000012309391924530146,0.21738473425628757
19.97,0.7825575119542284,0.00001230684721927363,0.2174301811985523
19.98,0.7825120863390138,0.00001230430422605329,0.21747560935676014
19.990000000000002,0.7824666794896344,0.000012301762942921365,0.21752101874742263
20,0.7824212868517288,0.000012299223114060952,0.2175664139251571
20.01,0.7823759174864466,0.000012296685245445084,0.21761178582830792
20.02,0.7823305668375965,0.000012294149081092353,0.2176571390133224
20.03,0.7822852348887551,0.00001229161461906725,0.2177024734966258
20.04,0.7822399216235205,0.000012289081857437255,0.21774778929462205
20.05,0.7821946270255156,0.000012286550794273154,0.21779308642369016
20.06,0.7821493510783837,0.000012284021427648682,0.21783836490018868
20.07,0.7821040937657884,0.000012281493755640386,0.21788362474045597
20.080000000000002,0.7820588550714168,0.000012278967776328336,0.21792886596080685
20.09,0.7820136349789774,0.000012276443487795279,0.21797408857753484
20.1,0.7819684289529788,0.000012273920635951577,0.21801929712638524
20.11,0.7819232460174733,0.000012271399723405962,0.21806448258280328
20.12,0.7818780816351545,0.00001226888049590602,0.2181096494843496
20.13,0.7818329357898186,0.000012266362951546773,0.21815479784722985
20.14,0.7817878084652876,0.000012263847088426336,0.21819992768762395
20.150000000000002,0.7817426996454001,0.000012261332904646188,0.21824503902169526
20.16,0.781697609314002,0.000012258820398309225,0.21829013186559967
20.17,0.7816525374549849,0.000012256309567523074,0.2183352062354476
20.18,0.7816074840522528,0.000012253800410397813,0.21838026214733683
20.19,0.7815624490897293,0.000012251292925046432,0.2184252996173457
20.2,0.7815174280506278,0.000012248786859086794,0.21847032316251305
20.21,0.7814724299222224,0.00001224628271180085,0.21851532379506577
20.22,0.7814274501859282,0.000012243780230645562,0.21856030603384116
20.23,0.7813824888257539,0.000012241279413745813,0.21860526989483237
20.240000000000002,0.7813375458257318,0.000012238780259229445,0.218650215394009
20.25,0.7812926211699144,0.000012236282765227307,0.2186951425473204
20.26,0.7812477148423757,0.000012233786929873157,0.21874005137069447
20.27,0.7812028268272105,0.000012231292751303678,0.21878494188003816
20.28,0.781157957108536,0.000012228800227658572,0.21882981409123636
20.29,0.7811131056704883,0.000012226309357080325,0.21887466802015462
20.3,0.7810682680148208,0.00001222381988887501,0.21891950816529035
20.31,0.7810234530923464,0.000012221332319034728,0.21896432557533452
20.32,0.7809786564030345,0.000012218846396706314,0.21900912475056875
20.330000000000002,0.7809338779311064,0.000012216362120043949,0.2190539057067736
20.34,0.7808891176608043,0.00001221387948720481,0.21909866845970852
20.35,0.7808443755763913,0.000012211398496348874,0.21914341302511234
20.36,0.7807996516621498,0.000012208919145639007,0.21918813941870455
20.37,0.7807549459023848,0.000012206441433240969,0.21923284765618195
20.38,0.7807102582814233,0.000012203965357323512,0.21927753775321943
20.39,0.7806655887836083,0.000012201490916058009,0.2193222097254757
20.400000000000002,0.780620932929073,0.000012199017860419632,0.2193668680530666
20.41,0.7805762996324828,0.000012196546683147168,0.2194115038208341
20.42,0.7805316844121997,0.000012194077135058237,0.21945612151066526
20.43,0.7804870872526516,0.000012191609214335738,0.21950072113813407
20.44,0.7804425081382856,0.000012189142919165282,0.2195453027187952
20.45,0.7803979470535758,0.000012186678247735815,0.21958986626817648
20.46,0.7803534039830086,0.000012184215198238558,0.2196344118017932
20.47,0.7803088789110959,0.000012181753768867878,0.21967893933513521
20.48,0.7802643718223672,0.000012179293957820787,0.21972344888367498
20.490000000000002,0.7802198827013727,0.00001217683576329713,0.21976794046286405
20.5,0.7801754070864629,0.000012174378937922296,0.21981241853459915
20.51,0.7801309538564639,0.000012171923971217653,0.21985687421956487
20.52,0.7800865185479715,0.000012169470615652712,0.21990131198141283
20.53,0.7800421011456161,0.00001216701886943858,0.21994573183551444
20.54,0.7799977016340518,0.00001216456873078912,0.2199901337972174
20.55,0.77995331999795,0.000012162120197920969,0.22003451788185205
20.56,0.7799089562220028,0.000012159673269053574,0.2200788841047281
20.57,0.7798646102909221,0.000012157227942409054,0.22012323248113547
20.580000000000002,0.779820282189441,0.000012154784216212416,0.2201675630263428
20.59,0.7797759719023101,0.000012152342088691267,0.22021187575560125
20.6,0.7797316749859422,0.000012149901314102793,0.2202561751127437
20.61,0.7796874002836266,0.00001214746237878619,0.2203004522539946
20.62,0.7796431433500377,0.00001214502503684461,0.22034471162492544
20.63,0.7795989041700043,0.000012142589286516519,0.22038895324070915
20.64,0.7795546827283792,0.000012140155126043378,0.2204331771164947
20.650000000000002,0.7795104790100343,0.000012137722553669374,0.22047738326741198
20.66,0.7794662929998594,0.00001213529156764125,0.220521571708573
20.67,0.7794221246827656,0.000012132862166208579,0.2205657424550682
20.68,0.7793779740436839,0.000012130434347623658,0.22060989552196847
20.69,0.7793338410675632,0.000012128008110141364,0.22065403092432664
20.7,0.7792897213287228,0.000012125583209632513,0.22069815308806762
20.71,0.7792456236352164,0.00001212316012928891,0.22074225320465427
20.72,0.7792015435596387,0.000012120738624828891,0.2207863357017365
20.73,0.7791574810870163,0.0000121183186945181,0.22083040059428916
20.740000000000002,0.7791134362023988,0.000012115900336625012,0.22087444789726457
20.75,0.7790694088908509,0.000012113483549420535,0.2209184776255997
20.76,0.7790253991374588,0.000012111068331178421,0.22096248979421
20.77,0.7789814069273312,0.000012108654680175157,0.22100648441798862
20.78,0.7789374322455903,0.000012106242594689656,0.221050461511815
20.79,0.778893475077381,0.000012103832073003606,0.22109442109054595
20.8,0.7788495310147757,0.00001210142287258349,0.2211383675623517
20.81,0.7788056088308892,0.000012099015473508002,0.22118229215363727
20.82,0.7787617041160815,0.000012096609633092672,0.22122619927428544
20.830000000000002,0.7787178168555694,0.000012094205349629512,0.22127008893908098
20.84,0.778673947034603,0.000012091802621413886,0.22131396116277557
20.85,0.7786300946384372,0.000012089401446742987,0.22135781596011603
20.86,0.7785862596523504,0.000012087001823916897,0.22140165334582568
20.87,0.7785424420616402,0.000012084603751238323,0.2214454733346085
20.88,0.7784986418516215,0.000012082207227012452,0.22148927594115145
20.89,0.7784548590076329,0.000012079812249547326,0.22153306118011756
20.900000000000002,0.7784110891393461,0.000012077418577887357,0.22157683344207602
20.91,0.7783673409852294,0.00001207502668903184,0.22162058398808154
20.92,0.7783236101532592,0.000012072636341875973,0.2216643172103989
20.93,0.7782798966288467,0.000012070247534737978,0.2217080331236186
20.94,0.7782362003974214,0.00001206786026593867,0.2217517317423127
20.95,0.7781925214444348,0.000012065474533801543,0.22179541308103135
20.96,0.7781488597553489,0.00001206309033665223,0.22183907715431447
20.97,0.7781052153156522,0.000012060707672819358,0.22188272397667494
20.98,0.7780615881108502,0.000012058326540634,0.22192635356260912
20.990000000000002,0.7780179781264657,0.000012055946938429701,0.2219699659265959
21,0.7779743809896211,0.000012053568626811483,0.22201356544175205
21.01,0.7779308054044326,0.000012051192079732713,0.22205714340348767
21.02,0.777887246996342,0.000012048817057650753,0.2221007041866003
21.03,0.7778437057509453,0.000012046443558909355,0.2221442478054958
21.04,0.7778001816538594,0.000012044071581854753,0.22218777427455869
21.05,0.7777566746907185,0.00001204170112483568,0.22223128360815664
21.06,0.7777131848471757,0.00001203933218620343,0.22227477582063812
21.07,0.7776697121089013,0.00001203696476431172,0.22231825092633434
21.080000000000002,0.7776262564615825,0.000012034598857516682,0.22236170893956003
21.09,0.7775828178909322,0.000012032234464177375,0.22240514987460364
21.1,0.7775393920413775,0.00001202987134644239,0.2224485780872761
21.11,0.7774959875829603,0.00001202750997525148,0.2224919849070644
21.12,0.7774526001584412,0.000012025150112607257,0.22253537469144619
21.13,0.7774092297536007,0.000012022791756878428,0.2225787474546424
21.14,0.7773658763542378,0.000012020434906436168,0.22262210321085574
21.150000000000002,0.7773225399461706,0.000012018079559654174,0.2226654419742697
21.16,0.7772792205152326,0.000012015725714908472,0.22270876375905252
21.17,0.7772359180472764,0.000012013373370577608,0.22275206857935298
21.18,0.7771926325281759,0.000012011022525042763,0.22279535644929901
21.19,0.777149363943818,0.000012008673176687243,0.22283862738300536
21.2,0.7771061079557907,0.000012006325089186548,0.2228818857191201
21.21,0.7770628732003494,0.000012003978730499342,0.2229251228209201
21.22,0.7770196553374249,0.00001200163386415643,0.22296834302871094
21.23,0.7769764543529789,0.000011999290488551018,0.22301154635653253
21.240000000000002,0.7769332702329909,0.000011996948602078818,0.22305473281840707
21.25,0.7768901029634573,0.00001199460820313792,0.22309790242833957
21.26,0.7768469525303919,0.000011992269290128719,0.22314105520031793
21.27,0.7768038189198277,0.0000119899318614542,0.22318419114831078
21.28,0.7767607021178123,0.00001198759591551952,0.22322731028627213
21.29,0.7767176021104146,0.000011985261450732456,0.22327041262813463
21.3,0.7766745145762369,0.000011982928232278579,0.22331350249553078
21.31,0.7766314481180252,0.000011980596725167248,0.22335657128524963
21.32,0.7765883984127397,0.000011978266694440916,0.22339962332056582
21.330000000000002,0.7765453654465181,0.000011975938138516843,0.2234426586153434
21.34,0.7765023492055148,0.000011973611055814604,0.22348567718342943
21.35,0.776459349675904,0.000011971285444756256,0.22352867903865123
21.36,0.7764163668438764,0.000011968961303766227,0.22357166419481986
21.37,0.776373400695638,0.00001196663863127121,0.22361463266573076
21.38,0.7763304512174222,0.0000119643174257005,0.22365758446515213
21.39,0.7762875183954789,0.000011961997685486329,0.22370051960683557
21.400000000000002,0.7762445979252527,0.000011959679177306087,0.22374344239557
21.41,0.7762016983762721,0.000011957362363252081,0.22378634426136468
21.42,0.7761588154423815,0.000011955047009862095,0.22382922951060863
21.43,0.7761159491098945,0.000011952733115576912,0.22387209815698997
21.44,0.7760730993651402,0.000011950420678839771,0.22391495021418092
21.45,0.776030266194465,0.000011948109698096127,0.22395778569583688
21.46,0.7759874495842336,0.000011945800171793872,0.2240006046155946
21.47,0.7759446495208261,0.000011943492098383122,0.22404340698707553
21.48,0.775901865990642,0.000011941185476316402,0.22408619282388165
21.490000000000002,0.7758590989800951,0.000011938880304048442,0.22412896213960087
21.5,0.7758163442013939,0.000011936576349736371,0.22417171922225637
21.51,0.7757736101910854,0.000011934274072584138,0.22421445553484204
21.52,0.7757308926597618,0.000011931973240608709,0.22425717536699757
21.53,0.7756881915939061,0.000011929673852274072,0.2242998787322416
21.54,0.7756455069800203,0.000011927375906046553,0.22434256564407362
21.55,0.7756028388046203,0.00001192507940039464,0.22438523611597927
21.56,0.7755601870542395,0.000011922784333789166,0.22442789016142675
21.57,0.7755175517154301,0.000011920490704703234,0.22447052779386517
21.580000000000002,0.7754749327747623,0.000011918198511612413,0.22451314902672606
21.59,0.775432330218818,0.000011915907752994179,0.22455575387342905
21.6,0.7753897397763969,0.000011913618198467394,0.22459834660540462
21.61,0.7753471699513568,0.000011911330304379454,0.22464091871833886
21.62,0.7753046164708951,0.000011909043840210515,0.22468347448526468
21.63,0.7752620793216648,0.00001190675880444737,0.22472601391953076
21.64,0.7752195584903303,0.000011904475195578699,0.2247685370344741
21.650000000000002,0.7751770539635803,0.00001190219301209586,0.22481104384340764
21.66,0.7751345657281151,0.000011899912252492194,0.22485353435963237
21.67,0.7750920937706532,0.000011897632915263349,0.2248960085964315
21.68,0.775049638077931,0.000011895354998907263,0.22493846656707006
21.69,0.7750071986366984,0.000011893078501923938,0.22498090828479966
21.7,0.7749647711922139,0.000011890803195378606,0.22502333800459076
21.71,0.7749223642159029,0.000011888529532791546,0.22506574725456432
21.72,0.774879973451433,0.000011886257285090667,0.2251081402912819
21.73,0.7748375988856233,0.000011883986450785019,0.22515051712792591
21.740000000000002,0.7747952405053069,0.000011881717028385671,0.22519287777766472
21.75,0.7747528982973336,0.000011879449016406008,0.22523522225364997
21.76,0.7747105722485721,0.000011877182413361664,0.22527755056901455
21.77,0.7746682623459008,0.000011874917217770157,0.22531986273688143
21.78,0.7746259685762209,0.000011872653428151526,0.22536215877035096
21.79,0.7745836909264492,0.000011870391043027947,0.22540443868250779
21.8,0.7745414251581667,0.000011868129834895543,0.2254467067119984
21.81,0.7744991797106278,0.000011865870254476987,0.22548895441911776
21.82,0.7744569503438384,0.000011863612074132707,0.22553118604408742
21.830000000000002,0.774414737044778,0.000011861355292393395,0.22557340159992958
21.84,0.7743725398004433,0.000011859099907792073,0.22561560109964893
21.85,0.7743303585978398,0.000011856845918863485,0.2256577845562413
21.86,0.7742881934240096,0.000011854593324145625,0.2256999519826663
21.87,0.7742460442659909,0.000011852342122177577,0.22574210339188697
21.88,0.7742039111108432,0.000011850092311500856,0.2257842387968453
21.89,0.7741617939456436,0.000011847843890659184,0.2258263582104658
21.900000000000002,0.7741196885481637,0.000011845596633564529,0.22586846585520273
21.91,0.7740776033257496,0.000011843350988171273,0.22591055332326224
21.92,0.7740355340546073,0.000011841106728256857,0.2259526248386644
21.93,0.7739934807218781,0.000011838863852373551,0.2259946804142695
21.94,0.7739514433147151,0.000011836622359075586,0.22603672006292583
21.95,0.773909421820294,0.00001183438224691957,0.2260787437974591
21.96,0.7738674162258011,0.000011832143514464076,0.2261207516306844
21.97,0.77382542651844,0.000011829906160269777,0.22616274357539973
21.98,0.7737834526854307,0.000011827670182899516,0.2262047196443864
21.990000000000002,0.7737414947140073,0.000011825435580918142,0.22624667985041175
22,0.7736995483980007,0.00001182320212963854,0.22628862839986966
22.01,0.7736576221131005,0.000011820970274275262,0.2263305569166252
22.02,0.7736157116515849,0.000011818739790008056,0.22637246960862506
22.03,0.7735738170007515,0.000011816510675410172,0.22641436648857313
22.04,0.773531938147913,0.000011814282929056962,0.22645624756915794
22.05,0.7734900750804005,0.000011812056549525955,0.22649811286305002
22.06,0.7734482277855554,0.000011809831535396505,0.22653996238290916
22.07,0.7734063962507385,0.000011807607885250226,0.22658179614137627
22.080000000000002,0.7733645804633277,0.000011805385597670894,0.22662361415107465
22.09,0.7733227804107089,0.000011803164671243941,0.22666541642461985
22.1,0.773280991902648,0.000011800944882668778,0.22670720715246934
22.11,0.7732392232834288,0.00001179872667444828,0.2267489779898968
22.12,0.7731974703612691,0.000011796509823149718,0.2267907331289078
22.13,0.7731557331236194,0.000011794294327366657,0.22683247258205322
22.14,0.7731140115579527,0.000011792080185695647,0.22687419636186162
22.150000000000002,0.77307230565175,0.000011789867396734407,0.22691590448085328
22.16,0.7730306153925105,0.00001178765595908304,0.22695759695153042
22.17,0.772988940767747,0.000011785445871343559,0.2269992737863816
22.18,0.7729472817649893,0.000011783237132120081,0.2270409349978786
22.19,0.7729056383717802,0.000011781029740018673,0.2270825805984798
22.2,0.7728640064136812,0.000011778823473110196,0.22712421476284564
22.21,0.7728223942038239,0.000011776618771213877,0.22716582917740485
22.22,0.7727807975662403,0.000011774415412270086,0.22720742801834742
22.23,0.7727392164885336,0.000011772213394892934,0.22724901129807148
22.240000000000002,0.77269765095833,0.00001177001271769885,0.2272905790289523
22.25,0.7726561009632549,0.000011767813379305623,0.22733213122336582
22.26,0.7726145664909642,0.00001176561537833367,0.2273736678936575
22.27,0.7725730475291219,0.00001176341871340515,0.22741518905216468
22.28,0.7725315440654081,0.000011761223383144217,0.22745669471120872
22.29,0.7724900560875185,0.000011759029386177052,0.22749818488309528
22.3,0.7724485794366874,0.00001175683650193194,0.22753966372681064
22.31,0.7724071223951373,0.000011754645167571756,0.22758112295969513
22.32,0.7723656808025876,0.00001175245516239571,0.22762256674225
22.330000000000002,0.7723242546467908,0.000011750266485037746,0.2276639950867242
22.34,0.7722828439155157,0.00001174807913413388,0.22770540800535016
22.35,0.7722414485965499,0.000011745893108322254,0.22774680551034182
22.36,0.772200068677692,0.000011743708406242822,0.2277881876139018
22.37,0.7721587041467552,0.000011741525026537448,0.22782955432821822
22.38,0.7721173549915693,0.000011739342967850093,0.22787090566546284
22.39,0.7720760211999774,0.000011737162228826538,0.22791224163779375
22.400000000000002,0.7720346986287608,0.000011734982590238363,0.22795356638864891
22.41,0.7719933955294787,0.000011732804486619276,0.22799487166603472
22.42,0.7719521077574105,0.000011730627698613147,0.22803616161489088
22.43,0.7719108353004562,0.000011728452224873473,0.22807743624731888
22.44,0.7718695781465347,0.000011726278064055814,0.22811869557540126
22.45,0.7718283362835758,0.00001172410521481765,0.22815993961120934
22.46,0.7717871096995259,0.000011721933675818363,0.22820116836679827
22.47,0.7717458983823504,0.000011719763445719414,0.22824238185420387
22.48,0.7717047023200158,0.000011717594523183704,0.22828358008546107
22.490000000000002,0.7716635215005164,0.000011715426906876571,0.2283247630725767
22.5,0.7716223517960593,0.000011713260378899182,0.22836593494356178
22.51,0.7715812014277798,0.000011711095371182643,0.22840708747684907
22.52,0.7715400662663903,0.000011708931665701473,0.22844822480194404
22.53,0.7714989462999364,0.000011706769261128345,0.22848934693080244
22.54,0.7714578415164836,0.000011704608156138091,0.2285304538753603
22.55,0.7714167519041061,0.000011702448349407214,0.2285715456475445
22.56,0.7713756774508945,0.000011700289839614159,0.22861262225926585
22.57,0.7713346181449547,0.000011698132625439313,0.22865368372241981
22.580000000000002,0.771293573974404,0.000011695976705564812,0.22869473004889043
22.59,0.7712525449273772,0.000011693822078674854,0.22873576125054418
22.6,0.7712115268913835,0.000011691668528186423,0.2287767814400883
22.61,0.7711705280573709,0.000011689516483454296,0.2288177824261457
22.62,0.7711295443113654,0.000011687365727770097,0.22885876832290686
22.63,0.7710885756415597,0.000011685216259825524,0.22889973914218043
22.64,0.7710476220361561,0.000011683068078313936,0.22894069489576563
22.650000000000002,0.7710066834833743,0.000011680921181930706,0.22898163559544377
22.66,0.7709657599714465,0.000011678775569372986,0.22902256125298417
22.67,0.7709248514886194,0.000011676631239339834,0.22906347188014123
22.68,0.7708839580231521,0.000011674488190532006,0.22910436748865734
22.69,0.770843079563322,0.000011672346421652348,0.22914524809025635
22.7,0.7708022120118181,0.000011670205717420194,0.2291861177824645
22.71,0.7707613635296384,0.000011668066504640034,0.22922696840385695
22.72,0.7707205300180021,0.000011665928567907086,0.22926780405342997
22.73,0.770679711465241,0.000011663791905931489,0.22930862474285313
22.740000000000002,0.7706389078596999,0.000011661656517425172,0.22934943048378267
22.75,0.7705981191897363,0.000011659522401101803,0.2293902212878626
22.76,0.7705573454437227,0.00001165738955567689,0.22943099716672166
22.77,0.7705165866100456,0.000011655257979867892,0.2294717581319745
22.78,0.7704758426771057,0.00001165312767239396,0.22951250419522193
22.79,0.770435113633315,0.000011650998631976041,0.22955323536805305
22.8,0.770394395396429,0.00001164887064462276,0.22959395573292643
22.81,0.7703536960977236,0.000011646744134613666,0.22963465715814174
22.82,0.7703130116534921,0.000011644618887834373,0.22967534372762008
22.830000000000002,0.7702723420522033,0.000011642494903013058,0.2297160154528937
22.84,0.7702316872823406,0.00001164037217887981,0.22975667234548053
22.85,0.7701910473323973,0.00001163825071416636,0.22979731441688853
22.86,0.7701504221909018,0.000011636130507606976,0.2298379416785906
22.87,0.770109811846349,0.00001163401155793586,0.2298785541420931
22.88,0.7700692162872896,0.000011631893863890735,0.22991915181884648
22.89,0.7700286355022743,0.000011629777424210562,0.22995973472030148
22.900000000000002,0.7699880654240027,0.000011627662026180038,0.23000030691397116
22.91,0.7699475141542572,0.000011625548091578878,0.2300408602976512
22.92,0.7699069776242891,0.000011623435407570057,0.23008139894030338
22.93,0.769866455822703,0.000011621323972899647,0.23012192285332414
22.94,0.7698259487381169,0.000011619213786315379,0.23016243204809675
22.95,0.7697854563591641,0.000011617104846566888,0.23020292653598937
22.96,0.7697449786744889,0.000011614997152405422,0.2302434063283587
22.97,0.769704515672751,0.00001161289070258414,0.2302838714365464
22.98,0.769664067342622,0.000011610785495857812,0.2303243218718821
22.990000000000002,0.7696236336727882,0.000011608681530983058,0.23036475764568082
23,0.7695832106107786,0.000011606578596507745,0.2304051828106249
23.01,0.7695428062291069,0.000011604477111736611,0.2304455892937814
23.02,0.7695024164738672,0.000011602376865097158,0.23048598114926772
23.03,0.7694620413337986,0.000011600277855352937,0.23052635838834606
23.04,0.7694216807976513,0.0000115981800812691,0.23056672102226747
23.05,0.769381334854192,0.000011596083541612739,0.23060706906226636
23.06,0.7693410034921992,0.000011593988235152535,0.2306474025195656
23.07,0.769300686700464,0.000011591894160658925,0.2306877214053753
23.080000000000002,0.7692603844677923,0.0000115898013169041,0.23072802573089077
23.09,0.7692200967830024,0.000011587709702661974,0.23076831550729493
23.1,0.7691798196083377,0.000011585619107730898,0.23080859477255458
23.11,0.7691395609872698,0.000011583529948965227,0.23084885548278128
23.12,0.7690993168806174,0.000011581442016044117,0.23088910167736656
23.13,0.7690590872772501,0.000011579355307748223,0.23092933336744212
23.14,0.7690188721660518,0.000011577269822859988,0.23096955056412533
23.150000000000002,0.7689786715359193,0.000011575185560163514,0.23100975327852058
23.16,0.7689384853757624,0.000011573102518444628,0.23104994152171918
23.17,0.7688983136745043,0.000011571020696490886,0.23109011530479917
23.18,0.768858156421081,0.000011568940093091453,0.23113027463882588
23.19,0.7688180136044417,0.000011566860707037271,0.2311704195348513
23.2,0.7687778812014294,0.000011564782329364646,0.23121055401624122
23.21,0.7687377672266966,0.000011562705374501739,0.23125067006792888
23.22,0.7686976676556687,0.000011560629633366615,0.23129077171469792
23.23,0.768657582477349,0.000011558555104756993,0.23133085896754618
23.240000000000002,0.7686175116807505,0.000011556481787472172,0.231370931837462
23.25,0.7685774552548971,0.000011554409680312943,0.23141099033542262
23.26,0.7685374131888307,0.000011552338782082105,0.23145103447238718
23.27,0.7684973854716017,0.000011550269091583827,0.23149106425930668
23.28,0.768457372092275,0.000011548200607624083,0.23153107970711734
23.29,0.768417373039928,0.000011546133329010441,0.23157108082674302
23.3,0.7683773843058928,0.000011544067048004918,0.23161107162705924
23.31,0.7683374138762181,0.000011542002176633132,0.23165104412160525
23.32,0.7682974577408306,0.000011539938507040046,0.2316910023206624
23.330000000000002,0.768257515888863,0.000011537876038040092,0.2317309462350989
23.34,0.7682175883094473,0.000011535814768448589,0.23177087587578424
23.35,0.7681776749917409,0.000011533754697083256,0.23181079125356197
23.36,0.7681377759249108,0.000011531695822763225,0.2318506923792664
23.37,0.7680978910981361,0.000011529638144309255,0.23189057926371962
23.38,0.768058020500607,0.000011527581660543671,0.23193045191773246
23.39,0.7680181641215267,0.000011525526370290429,0.23197031035210303
23.400000000000002,0.7679783179666065,0.000011523472067025039,0.23201015856132642
23.41,0.7679384899935069,0.00001152141916039415,0.23204998858733272
23.42,0.7678986762065432,0.000011519367443757224,0.23208980442601307
23.43,0.7678588765949707,0.000011517316915944903,0.2321296060881134
23.44,0.7678190911480548,0.000011515267575789224,0.23216939358436942
23.45,0.7677793198550726,0.000011513219422123618,0.23220916692550525
23.46,0.7677395627053174,0.00001151117245378379,0.2322489261222288
23.47,0.7676998196880943,0.000011509126669606563,0.23228867118523608
23.48,0.7676600907927155,0.000011507082068430251,0.2323284021252161
23.490000000000002,0.7676203760085111,0.000011505038649095084,0.23236811895283982
23.5,0.7675806713554589,0.000011502996206277927,0.2324078256483348
23.51,0.7675409847630471,0.000011500955147269684,0.23244751428180563
23.52,0.7675013122498674,0.000011498915266632333,0.23248718883486597
23.53,0.7674616538052996,0.000011496876563212474,0.23252684931813716
23.54,0.7674220094187317,0.000011494839035858075,0.2325664957422324
23.55,0.7673823790795665,0.000011492802683418787,0.23260612811775006
23.56,0.7673427627772197,0.000011490767504745923,0.23264574645527555
23.57,0.7673031605011181,0.000011488733498692292,0.2326853507653832
23.580000000000002,0.7672635722406983,0.000011486700664112147,0.23272494105863759
23.59,0.7672239979854124,0.000011484668999861497,0.23276451734558773
23.6,0.7671844337693974,0.000011482638301806789,0.23280408359230081
23.61,0.7671448874941799,0.000011480608974906018,0.23284363189684523
23.62,0.7671053551925225,0.000011478580814911937,0.23288316622666255
23.63,0.7670658368539247,0.000011476553820686724,0.2329226865922546
23.64,0.7670263324678974,0.000011474527991094111,0.23296219300411147
23.650000000000002,0.7669868420239648,0.000011472503324999451,0.23300168547271016
23.66,0.7669473655116625,0.000011470479821269582,0.23304116400851618
23.67,0.7669079029205383,0.000011468457478772916,0.2330806286219829
23.68,0.7668684542401525,0.000011466436296379455,0.23312007932355114
23.69,0.7668290194600765,0.00001146441627296071,0.23315951612365052
23.7,0.7667895946284999,0.000011462397205561024,0.2331989429742945
23.71,0.766750187619206,0.000011460379496828478,0.23323835200129717
23.72,0.7667107944789967,0.000011458362943693724,0.2332777471580596
23.73,0.7666714151975025,0.000011456347545034935,0.23331712845495248
23.740000000000002,0.7666320497643572,0.00001145433329973138,0.2333564959023431
23.75,0.766592698169202,0.000011452320206663688,0.2333958495105914
23.76,0.7665533604016928,0.000011450308264714128,0.23343518929004253
23.77,0.7665140364514973,0.000011448297472766483,0.23347451525102994
23.78,0.7664747263082933,0.00001144628782970596,0.23351382740387702
23.79,0.7664354299617729,0.000011444279334419444,0.23355312575889264
23.8,0.7663961434740706,0.000011442271785117615,0.2335924142541443
23.81,0.7663568746914122,0.000011440265582159943,0.2336316850430056
23.82,0.766317619674578,0.000011438260523645544,0.23367094206489836
23.830000000000002,0.7662783784133073,0.000011436256608467353,0.23371018533008428
23.84,0.7662391508973483,0.000011434253835519625,0.2337494148488162
23.85,0.7661999371164617,0.000011432252203698169,0.23378863063133457
23.86,0.7661607370604224,0.000011430251711900415,0.23382783268786567
23.87,0.7661215507190137,0.000011428252359025175,0.2338670210286273
23.88,0.7660823780820311,0.000011426254143972696,0.23390619566382498
23.89,0.7660432191392842,0.000011424257065644902,0.23394535660365015
23.900000000000002,0.7660040699667494,0.000011422260923407531,0.23398450777232718
23.91,0.7659649383833106,0.000011420266115353861,0.23402364135057405
23.92,0.7659258204635958,0.000011418272440739026,0.23406276126396344
23.93,0.7658867161974624,0.000011416279898470816,0.23410186752263912
23.94,0.7658476255747763,0.000011414288487458517,0.23414096013673627
23.95,0.7658085485854134,0.000011412298206612756,0.23418003911638002
23.96,0.765769485219263,0.000011410309054845766,0.23421910447168212
23.97,0.7657304354662245,0.000011408321031071123,0.23425815621274437
23.98,0.7656913993162126,0.000011406334134204108,0.23429719434965324
23.990000000000002,0.7656523767591472,0.000011404348363161148,0.23433621889248962
24,0.765613363884746,0.000011402363518451908,0.23437523375173555
24.01,0.7655743684847517,0.000011400379995925242,0.2344142311352524
24.02,0.765535386647538,0.00001139839759598086,0.23445321495486607
24.03,0.7654964183630779,0.000011396416317541393,0.23449218522060455
24.04,0.7654574636213514,0.000011394436159530718,0.2345311419424891
24.05,0.7654185224123501,0.000011392457120874135,0.23457008513052904
24.060000000000002,0.7653795947260776,0.000011390479200498455,0.23460901479472188
24.07,0.7653406805525452,0.000011388502397331744,0.23464793094505745
24.080000000000002,0.7653017798817812,0.000011386526710303789,0.23468683359150852
24.09,0.7652628927038206,0.00001138455213834561,0.23472572274404102
24.1,0.7652240151220187,0.000011382578483099719,0.23476460229949825
24.11,0.7651851549011681,0.000011380606138191376,0.23480346449269368
24.12,0.7651463081432981,0.00001137863490515459,0.23484231322179674
24.13,0.7651074748384904,0.000011376664782926198,0.23488114849672667
24.14,0.7650686549768375,0.000011374695770444427,0.23491997032739204
24.150000000000002,0.7650298485484437,0.00001137272786664897,0.23495877872368967
24.16,0.7649910555434237,0.000011370761070480886,0.2349975736955058
24.17,0.7649522759519052,0.000011368795380882776,0.23503635525271394
24.18,0.7649135097640241,0.000011366830796798489,0.23507512340517914
24.19,0.7648747569699295,0.000011364867317173405,0.23511387816275336
24.2,0.764836013686509,0.000011362904744771803,0.23515262340874624
24.21,0.7647972876518148,0.000011360943471017057,0.23519135140471423
24.22,0.7647585749814172,0.000011358983298565772,0.23523006603528424
24.23,0.7647198756655099,0.000011357024226369142,0.23526876731026372
24.240000000000002,0.7646811896942969,0.000011355066253379479,0.23530745523944974
24.25,0.7646425170579917,0.000011353109378550552,0.23534612983262976
24.26,0.7646038577468327,0.000011351153600838019,0.23538479109956645
24.27,0.7645652117510341,0.000011349198919197548,0.2354234390500467
24.28,0.7645265790608556,0.00001134724533258759,0.23546207369381178
24.29,0.7644879596665554,0.000011345292839967486,0.23550069504060467
24.3,0.7644493496984558,0.00001134334124521265,0.23553930696029898
24.310000000000002,0.7644107568680587,0.000011341390937565056,0.23557790174100374
24.32,0.7643721773043798,0.000011339441720793605,0.23561648325389942
24.330000000000002,0.7643336109977222,0.000011337493593863255,0.2356550515086839
24.34,0.7642950579383984,0.000011335546555740247,0.2356936065150459
24.35,0.7642565181167336,0.000011333600605392273,0.23573214828266104
24.36,0.764217991523061,0.000011331655741788328,0.23577067682119718
24.37,0.7641794781477277,0.000011329711963898872,0.2358091921403084
24.38,0.7641409779810889,0.000011327769270695613,0.23584769424964036
24.39,0.7641024910135118,0.000011325827661151699,0.23588618315882706
24.400000000000002,0.7640640133886573,0.000011323886940243124,0.2359246627244025
24.41,0.7640255527916666,0.000011321947495050943,0.23596312526083832
24.42,0.763987105364903,0.000011320009130445606,0.23600157462596655
24.43,0.7639486710987772,0.000011318071845405746,0.23604001082937742
24.44,0.7639102499837095,0.000011316135638911273,0.2360784338806516
24.45,0.7638718420101321,0.00001131420050994352,0.2361168437893579
24.46,0.7638334471684862,0.00001131226645748507,0.2361552405650563
24.47,0.7637950654492222,0.000011310333480519825,0.23619362421729734
24.48,0.763756696842809,0.000011308401578033377,0.23623199475561296
24.490000000000002,0.7637183413397194,0.00001130647074901234,0.2362703521895316
24.5,0.763679995096849,0.000011304540799522594,0.23630870036235144
24.51,0.7636416657731768,0.000011302612114504787,0.23634703161470866
24.52,0.7636033495243124,0.000011300684499920375,0.23638534979118767
24.53,0.7635650463407717,0.000011298757954761372,0.2364236549012735
24.54,0.7635267562130803,0.000011296832478021078,0.23646194695444167
24.55,0.7634884791317771,0.000011294908068694256,0.23650022596015421
24.560000000000002,0.763450215087411,0.000011292984725776987,0.23653849192786328
24.57,0.7634119640705379,0.000011291062448266506,0.23657674486701383
24.580000000000002,0.7633737260717296,0.000011289141235161636,0.23661498478703524
24.59,0.7633355010815643,0.000011287221085462307,0.2366532116973502
24.6,0.7632972852700823,0.000011285301806314213,0.23669142942811136
24.61,0.7632590862702817,0.00001128338378053736,0.23672963034593775
24.62,0.7632209002509239,0.000011281466815173872,0.2367678182822609
24.63,0.7631827272026301,0.000011279550909229,0.23680599324646062
24.64,0.7631445671160344,0.00001127763606170936,0.2368441552479039
24.650000000000002,0.7631064199817718,0.000011275722271622819,0.2368823042959566
24.66,0.7630682857904997,0.000011273809537978484,0.23692044039996235
24.67,0.76303016453288,0.000011271897859786937,0.23695856356926023
24.68,0.7629920561995849,0.000011269987236059939,0.23699667381317907
24.69,0.7629539607812976,0.000011268077665810587,0.23703477114103658
24.7,0.7629158744611049,0.000011266168957254066,0.23707285936993788
24.71,0.7628778048462126,0.000011264261491109547,0.2371109308922963
24.72,0.7628397481184375,0.000011262355075489593,0.23714898952648705
24.73,0.7628017042685067,0.000011260449709412591,0.2371870352817839
24.740000000000002,0.762763673287152,0.000011258545391898001,0.23722506816745612
24.75,0.76272565516512,0.000011256642121966732,0.23726308819275801
24.76,0.7626876498931626,0.000011254739898640785,0.23730109536693875
24.77,0.762649657462048,0.000011252838720943691,0.237339089699231
24.78,0.7626116778625495,0.00001125093858790011,0.23737707119886264
24.79,0.7625737110854525,0.000011249039498535944,0.237415039875049
24.8,0.7625357533267996,0.000011247141262126048,0.2374529995319383
24.810000000000002,0.7624978121681835,0.000011245244257307948,0.23749094258755923
24.82,0.7624598838043848,0.000011243348293254728,0.23752887284732196
24.830000000000002,0.7624219682262303,0.000011241453368997481,0.23756679032040068
24.84,0.762384065424554,0.000011239559483568468,0.23760469501596249
24.85,0.7623461753902044,0.000011237666636001322,0.23764258694315957
24.86,0.7623082981140358,0.000011235774825330878,0.23768046611113888
24.87,0.7622704335869164,0.000011233884050593324,0.23771833252903304
24.88,0.7622325817997204,0.000011231994310825944,0.23775618620596875
24.89,0.7621947427433328,0.000011230105605067291,0.23779402715106218
24.900000000000002,0.7621569126266547,0.000011228217743641744,0.23783185915560162
24.91,0.7621190990058564,0.000011226331103124778,0.2378696746630405
24.92,0.762081298088585,0.000011224445493739915,0.23790747746592122
24.93,0.7620435098657703,0.000011222560914530937,0.23794526757331516
24.94,0.7620057343283415,0.000011220677364542416,0.23798304499429396
24.95,0.7619679714672463,0.000011218794842820538,0.23802080973791093
24.96,0.7619302212734409,0.000011216913348412701,0.2380585618132107
24.97,0.761892483737892,0.000011215032880367559,0.23809630122922765
24.98,0.7618547588515747,0.00001121315343773491,0.23813402799498753
24.990000000000002,0.7618170466054733,0.000011211275019565792,0.2381717421195071
25,0.7617793432212541,0.000011209397437224236,0.2382094473813087
25.01,0.7617416562298447,0.000011207521065242663,0.23824713624909008
25.02,0.7617039818516654,0.000011205645714885118,0.23828481250261968
25.03,0.761666320077742,0.000011203771385207665,0.23832247615087274
25.04,0.7616286708991076,0.000011201898075267437,0.23836012720281716
25.05,0.7615910343068089,0.00001120002578412301,0.23839776566740703
25.060000000000002,0.7615534102918956,0.000011198154510833881,0.23843539155359356
25.07,0.7615157988454352,0.000011196284254460918,0.23847300487031034
25.080000000000002,0.7614781999584992,0.000011194415014066344,0.23851060562648674
25.09,0.7614406136221715,0.000011192546788713454,0.23854819383103976
25.1,0.7614030360707914,0.000011190679390796233,0.2385857732498178
25.11,0.7613654748102205,0.000011188813192822667,0.23862333637658664
25.12,0.7613279260735637,0.000011186948007087817,0.23866088697842922
25.13,0.761290389851943,0.000011185083832659861,0.23869842506422437
25.14,0.7612528661364896,0.000011183220668608128,0.2387359506428418
25.150000000000002,0.7612153549183461,0.000011181358514003256,0.23877346372313987
25.16,0.7611778561886621,0.0000111794973679169,0.23881096431397
25.17,0.7611403699385978,0.00001117763722942207,0.2388484524241728
25.18,0.7611028961593233,0.000011175778097592909,0.23888592806257916
25.19,0.761065434842018,0.000011173919971504747,0.23892339123801046
25.2,0.7610279822336063,0.000011172062664572195,0.23896084570372908
25.21,0.7609905458150608,0.000011170206547297235,0.23899828397839196
25.22,0.760953121832078,0.000011168351432996337,0.23903570981648903
25.23,0.7609157102758788,0.00001116649732074974,0.23907312322680047
25.240000000000002,0.760878311137688,0.000011164644209638625,0.23911052421810236
25.25,0.7608409244087442,0.000011162792098745567,0.23914791279915706
25.26,0.760803550080291,0.000011160940987154097,0.23918528897872185
25.27,0.760766188143584,0.000011159090873949066,0.23922265276554205
25.28,0.7607288385898902,0.00001115724175821655,0.23926000416835164
25.29,0.7606915014104827,0.000011155393639043683,0.23929734319587825
25.3,0.7606541728647832,0.000011153546330856304,0.23933467358888594
25.310000000000002,0.7606168604090453,0.000011151700202168486,0.23937198789075254
25.32,0.760579560301474,0.000011149855067308865,0.2394092898434587
25.330000000000002,0.760542272533384,0.000011148010925369473,0.23944657945569062
25.34,0.76050499709609,0.000011146167775443003,0.23948385673613456
25.35,0.7604677339809256,0.000011144325616623788,0.23952112169345777
25.36,0.7604304831792312,0.000011142484448007222,0.23955837433632077
25.37,0.7603932446823564,0.000011140644268689808,0.23959561467337495
25.38,0.7603560184816605,0.000011138805077769249,0.23963284271326177
25.39,0.7603188045685094,0.000011136966874344292,0.23967005846461623
25.400000000000002,0.7602815992147313,0.000011135129473842578,0.2397072656557949
25.41,0.7602444098520413,0.000011133293242808574,0.23974445685471585
25.42,0.7602072327510574,0.000011131457996573638,0.23978163579094602
25.43,0.7601700679031842,0.000011129623734241129,0.23981880247308157
25.44,0.7601329152998347,0.000011127790454915587,0.23985595690971034
25.45,0.7600957749324329,0.000011125958157702744,0.23989309910940945
25.46,0.7600586467924135,0.000011124126841709581,0.23993022908074477
25.47,0.7600215308712204,0.000011122296506044196,0.23996734683227358
25.48,0.7599844271602986,0.00001112046714981543,0.2400044523725516
25.490000000000002,0.7599473356511108,0.000011118638772133716,0.24004154571011704
25.5,0.7599102526278045,0.000011116811189419315,0.24007863056100603
25.51,0.7598731854977211,0.000011114984766264738,0.24011569951751263
25.52,0.7598361305438072,0.000011113159318994785,0.24015275629687385
25.53,0.7597990877575596,0.000011111334846724342,0.24018980090759373
25.54,0.7597620571304853,0.000011109511348569261,0.24022683335816616
25.55,0.7597250386540977,0.000011107688823646673,0.24026385365707867
25.560000000000002,0.7596880323199218,0.000011105867271074764,0.24030086181280716
25.57,0.7596510381194911,0.000011104046689972867,0.24033785783381895
25.580000000000002,0.7596140560443466,0.000011102227079461381,0.24037484172857393
25.59,0.7595770860860407,0.000011100408438661878,0.24041181350552066
25.6,0.759540124540953,0.000011098590584978257,0.24044877686846203
25.61,0.7595031787922231,0.000011096773881068647,0.24048572443389588
25.62,0.7594662451350379,0.00001109495814424229,0.24052265990681784
25.63,0.7594293235609855,0.000011093143373625203,0.2405595832956409
25.64,0.759392414061662,0.000011091329568344553,0.24059649460876964
25.650000000000002,0.7593555166286721,0.000011089516727528494,0.2406333938546004
25.66,0.7593186312536303,0.000011087704850306423,0.24067028104151938
25.67,0.7592817579281599,0.000011085893935808776,0.2407071561779043
25.68,0.7592448966438917,0.00001108408398316703,0.2407440192721251
25.69,0.7592080473924705,0.000011082274991514031,0.24078087033253798
25.7,0.759171206482418,0.000011080466779228023,0.2408177130508028
25.71,0.7591343812728414,0.000011078659707050277,0.24085454006745158
25.72,0.7590975680710843,0.000011076853593265575,0.24089135507532242
25.73,0.759060766868822,0.000011075048437010872,0.24092815808274104
25.740000000000002,0.7590239776577407,0.00001107324423742435,0.2409649490980219
25.75,0.7589872004295337,0.000011071440993645196,0.24100172812947265
25.76,0.7589504351759051,0.000011069638704813734,0.24103849518539008
25.77,0.7589136818885657,0.000011067837370071321,0.24107525027406426
25.78,0.7588769405592379,0.000011066036988560505,0.2411119934037735
25.79,0.7588402111796472,0.000011064237559424666,0.2411487245827934
25.8,0.758803490070388,0.000011062438902008387,0.24118544749070994
25.810000000000002,0.7587667845666921,0.000011060641375152733,0.24122215479193274
25.82,0.7587300909879742,0.000011058844798109156,0.24125885016722773
25.830000000000002,0.7586934093260006,0.000011057049170025616,0.24129553362482936
25.84,0.758656739572542,0.00001105525449005097,0.24133220517296797
25.85,0.7586200817193798,0.000011053460757335171,0.2413688648198629
25.86,0.7585834357583067,0.000011051667971029456,0.2414055125737223
25.87,0.7585468016811208,0.000011049876130285885,0.24144214844274894
25.88,0.75851017947963,0.000011048085234257713,0.2414787724351358
25.89,0.7584735691456495,0.000011046295282099157,0.24151538455906846
25.900000000000002,0.7584369670117512,0.000011044506094111858,0.24155198848215467
25.91,0.7584003803894619,0.000011042718027253898,0.24158857689251084
25.92,0.7583638056101804,0.000011040930901734562,0.2416251534589179
25.93,0.7583272426657632,0.000011039144716712659,0.24166171818952006
25.94,0.7582906915480677,0.00001103735947134765,0.24169827109246092
25.95,0.758254152248963,0.000011035575164800204,0.24173481217587223
25.96,0.7582176247603238,0.000011033791796231975,0.24177134144787993
25.97,0.7581811090740342,0.000011032009364805605,0.24180785891660095
25.98,0.7581446051819924,0.000011030227869685121,0.24184436459013786
25.990000000000002,0.7581081130760984,0.000011028447310035243,0.24188085847659158
26,0.7580716291008182,0.00001102666750710605,0.24191734423167474
26.01,0.7580351605441368,0.000011024888815989422,0.24195381456704723
26.02,0.7579987037493575,0.000011023111057844017,0.24199027313958463
26.03,0.7579622587084205,0.000011021334231838932,0.24202671995734767
26.04,0.7579258254132698,0.000011019558337144331,0.24206315502839304
26.05,0.7578894038558572,0.000011017783372931156,0.24209957836076984
26.060000000000002,0.7578529940281451,0.000011016009338371587,0.24213598996251653
26.07,0.7578165959221052,0.000011014236232638865,0.2421723898416622
26.080000000000002,0.7577802095297127,0.000011012464054907035,0.2422087780062324
26.09,0.7577438348429555,0.000011010692804351371,0.24224515446424016
26.1,0.7577074682181163,0.000011008922303162093,0.24228152285958054
26.11,0.7576711169197958,0.000011007152904581224,0.2423178759272996
26.12,0.757634777303121,0.000011005384430708308,0.24235421731244827
26.13,0.7575984493601116,0.000011003616880722647,0.24239054702300772
26.14,0.757562133082799,0.000011001850253804727,0.24242686506694724
26.150000000000002,0.7575258284632216,0.000011000084549135969,0.2424631714522293
26.16,0.7574895354934206,0.000010998319765898614,0.24249946618681353
26.17,0.7574532541654521,0.00001099655590327615,0.24253574927864466
26.18,0.7574169844713762,0.000010994792960452953,0.24257202073566336
26.19,0.7573807264032667,0.00001099303093661462,0.2426082805657967
26.2,0.7573444763291359,0.000010991269654882842,0.2426445324012092
26.21,0.7573082414903617,0.000010989509466666241,0.24268076900017163
26.22,0.7572720182538121,0.000010987750194996757,0.24271699399599292
26.23,0.7572358066115905,0.000010985991839063905,0.24275320739657041
26.240000000000002,0.7571996065558093,0.000010984234398058231,0.24278940920979264
26.25,0.7571634180785887,0.000010982477871171232,0.24282559944354015
26.26,0.7571272411720567,0.000010980722257595438,0.24286177810568574
26.27,0.7570910758283494,0.000010978967556524327,0.24289794520409402
26.28,0.7570549220396104,0.00001097721376715239,0.2429341007466224
26.29,0.7570187797979941,0.000010975460888675229,0.24297024474111717
26.3,0.7569826454831672,0.000010973708745137952,0.24300638080808767
26.310000000000002,0.756946526313437,0.000010971957686131592,0.24304250172887693
26.32,0.7569104186673362,0.000010970207535612461,0.24307861112512819
26.330000000000002,0.7568743225370487,0.000010968458292779976,0.24311470900465854
26.34,0.756838237914769,0.000010966709956834685,0.24315079537527415
26.35,0.756802164792699,0.000010964962526978086,0.243186870244774
26.36,0.7567661031630484,0.000010963216002412608,0.2432229336209492
26.37,0.7567300530180339,0.0000109614703823417,0.2432589855115838
26.38,0.7566940143498824,0.000010959725665969802,0.24329502592445165
26.39,0.7566579871508263,0.000010957981852502289,0.24333105486732118
26.400000000000002,0.7566219678121086,0.0000109562387668996,0.24336707594912454
26.41,0.7565859635291241,0.000010954496756951212,0.24340308197411895
26.42,0.7565499706919835,0.00001095275564752923,0.243439076552369
26.43,0.7565139892929561,0.000010951015437843136,0.24347505969160604
26.44,0.7564780193243149,0.000010949276127103199,0.243511031399558
26.45,0.7564420607783412,0.000010947537714520646,0.24354699168394428
26.46,0.7564061136473265,0.00001094580019930782,0.24358294055247423
26.47,0.756370177923567,0.000010944063580677873,0.24361887801285234
26.48,0.756334253599369,0.000010942327857845029,0.24365480407277315
26.490000000000002,0.7562983406670487,0.000010940593030024493,0.24369071873992126
26.5,0.7562624355293394,0.000010938858923083673,0.24372662561173755
26.51,0.756226545358882,0.000010937125883026344,0.24376251751523498
26.52,0.7561906665572893,0.000010935393735632508,0.24379839804897507
26.53,0.7561547991169065,0.000010933662480121166,0.24383426722061335
26.54,0.7561189430300873,0.000010931932115712275,0.24387012503779698
26.55,0.7560830982891947,0.000010930202641626852,0.24390597150816365
26.560000000000002,0.7560472648865977,0.000010928474057086744,0.24394180663934523
26.57,0.7560114428146724,0.000010926746361314827,0.2439776304389663
26.580000000000002,0.7559756320658035,0.000010925019553534877,0.24401344291464291
26.59,0.7559398326323867,0.000010923293632971721,0.2440492440739803
26.6,0.7559040409285731,0.00001092156842639189,0.2440850375030005
26.61,0.7558682641043966,0.000010919844278028863,0.2441208160513254
26.62,0.7558324985728951,0.000010918121014562467,0.2441565833060903
26.63,0.7557967443264935,0.000010916398635221324,0.24419233927487133
26.64,0.7557610013576245,0.000010914677139234876,0.2442280839652363
26.650000000000002,0.755725269658725,0.000010912956525833556,0.24426381738474917
26.66,0.755689549222245,0.000010911236794248795,0.2442995395409608
26.67,0.7556538400406403,0.000010909517943712908,0.244335250441416
26.68,0.755618142106373,0.00001090779997345915,0.24437095009365353
26.69,0.755582455411912,0.000010906082882721714,0.24440663850520522
26.7,0.7555467763827544,0.00001090436649915847,0.24444231925074647
26.71,0.7555111121464757,0.00001090265116524781,0.24447798520235905
26.72,0.7554754591274628,0.000010900936708561656,0.24451363993582861
26.73,0.7554398173182194,0.000010899223128337918,0.24454928345865226
26.740000000000002,0.7554041867112516,0.00001089751042381548,0.24458491577832453
26.75,0.7553685672990782,0.000010895798594234117,0.24462053690232757
26.76,0.7553329590742239,0.00001089408763883455,0.24465614683813725
26.77,0.7552973620292182,0.000010892377556858465,0.24469174559322499
26.78,0.7552617761566066,0.000010890668347548423,0.24472733317504583
26.79,0.7552262014489309,0.000010888960010147898,0.24476290959105892
26.8,0.755190634342956,0.000010887252373198282,0.24479847840467084
26.810000000000002,0.7551550819439447,0.000010885545777438019,0.2448340325102779
26.82,0.7551195406875624,0.000010883840051323265,0.2448695754723863
26.830000000000002,0.7550840105663866,0.000010882135194101206,0.24490510729841927
26.84,0.7550484915729966,0.000010880431205019847,0.2449406279957984
26.85,0.755012983699992,0.00001087872808332823,0.24497613757192463
26.86,0.7549774869399829,0.000010877025828277055,0.24501163603418882
26.87,0.7549420012856465,0.00001087532443912,0.2450471233899144
26.88,0.7549065267294284,0.000010873623915101292,0.24508259964665652
26.89,0.7548710632640409,0.000010871924255477254,0.24511806481170367
26.900000000000002,0.7548356073374273,0.000010870225289665052,0.24515352243728306
26.91,0.7548001660327079,0.000010868527356678525,0.24518896543993537
26.92,0.754764735796734,0.000010866830285850183,0.24522439737298019
26.93,0.7547293166221588,0.000010865134076436365,0.24525981824376475
26.94,0.7546939085016409,0.000010863438727694212,0.24529522805963144
26.95,0.7546585114278542,0.000010861744238881806,0.24533062682790688
26.96,0.7546231253934691,0.000010860050609258103,0.24536601455592164
26.97,0.7545877503911719,0.000010858357838082989,0.24540139125099003
26.98,0.7545523864136521,0.000010856665924617235,0.2454367569204233
26.990000000000002,0.7545170334536084,0.00001085497486812246,0.24547211157152343
27,0.7544816879701004,0.000010853284498884015,0.24550745874540073
27.01,0.7544463570242311,0.000010851595154205337,0.24554279138061466
27.02,0.7544110370739753,0.000010849906664287926,0.24557811301936044
27.03,0.7543757281120613,0.00001084821902839701,0.24561342366891029
27.04,0.7543404301312214,0.000010846532245798673,0.24564872333653276
27.05,0.7543051431242014,0.000010844846315759948,0.24568401202948287
27.060000000000002,0.7542698670837499,0.000010843161237548713,0.24571928975501256
27.07,0.7542346020026236,0.000010841477010433733,0.24575455652036596
27.080000000000002,0.7541993478735867,0.000010839793633684647,0.24578981233277966
27.09,0.7541641046894114,0.000010838111106571989,0.245825057199482
27.1,0.7541288689201986,0.000010836429260241775,0.24586029465054116
27.11,0.7540936476051842,0.000010834748430301971,0.24589551764638554
27.12,0.7540584372133897,0.000010833068447815186,0.24593072971816246
27.13,0.7540232377376157,0.000010831389312055809,0.24596593087307225
27.14,0.7539880491706695,0.00001082971102229857,0.24600112111830819
27.150000000000002,0.7539528715053694,0.000010828033577819321,0.2460363004610528
27.16,0.7539177047345358,0.000010826356977894628,0.24607146890848633
27.17,0.7538825488509994,0.000010824681221802128,0.24610662646777884
27.18,0.7538474038475977,0.000010823006308820157,0.24614177314609345
27.19,0.7538122697171749,0.000010821332238228023,0.24617690895058691
27.2,0.7537771429407998,0.000010819658842024996,0.24621203740035819
27.21,0.7537420305359817,0.00001081798645413776,0.2462471514775642
27.22,0.7537069289827198,0.000010816314906483286,0.24628225470237367
27.23,0.7536718382738857,0.000010814644198344218,0.24631734708191594
27.240000000000002,0.7536367584023596,0.00001081297432900418,0.24635242862331144
27.25,0.7536016893610302,0.000010811305297747612,0.24638749933367202
27.26,0.7535666311427909,0.000010809637103859785,0.24642255922010525
27.27,0.7535315837405443,0.000010807969746626858,0.24645760828970908
27.28,0.7534965471471998,0.000010806303225335846,0.24649264654957484
27.29,0.7534615213556728,0.000010804637539274633,0.24652767400678793
27.3,0.7534265028579276,0.000010802972521288487,0.24656269416955115
27.310000000000002,0.7533914986498915,0.000010801308503637176,0.24659770004160483
27.32,0.7533565052224627,0.000010799645319084205,0.24663269513221825
27.330000000000002,0.7533215225685876,0.00001079798296692097,0.24666767944844545
27.34,0.7532865506812177,0.00001079632144643953,0.24670265299733582
27.35,0.7532515895533115,0.000010794660756932868,0.24673761578593156
27.36,0.7532166391778333,0.000010793000897694742,0.24677256782126897
27.37,0.7531816995477582,0.000010791341868019842,0.24680750911037383
27.38,0.7531467706560628,0.000010789683667203556,0.24684243966026995
27.39,0.7531118524957374,0.000010788026294542353,0.24687735947796804
27.400000000000002,0.753076941569567,0.000010786369583720178,0.24691227206084934
27.41,0.7530420448520386,0.000010784713865343991,0.24694717043409603
27.42,0.7530071588448813,0.000010783058973016808,0.24698205809614565
27.43,0.7529722835411102,0.00001078140490603829,0.24701693505398373
27.44,0.7529374189337461,0.000010779751663708943,0.24705180131459017
27.45,0.75290256501582,0.000010778099245330174,0.2470866568849347
27.46,0.7528677217803659,0.000010776447650204104,0.24712150177198391
27.47,0.7528328892204273,0.00001077479687763376,0.247156335982695
27.48,0.7527980673290534,0.000010773146926922982,0.24719115952401965
27.490000000000002,0.7527632560993032,0.000010771497797376518,0.24722597240289945
27.5,0.7527284520447121,0.000010769849323509822,0.24726077810596442
27.51,0.7526936621184667,0.000010768201834291064,0.24729556967969904
27.52,0.7526588828330523,0.000010766555164155342,0.24733035061178357
27.53,0.7526241141815572,0.000010764909312410817,0.24736512090913043
27.54,0.7525893561570711,0.00001076326427836623,0.2473998805786505
27.55,0.7525546087526909,0.000010761620061331122,0.2474346296272478
27.560000000000002,0.7525198719615229,0.00001075997666061598,0.24746936806181646
27.57,0.7524851457766785,0.000010758334075532025,0.247504095889246
27.580000000000002,0.7524504301912752,0.000010756692305391288,0.2475388131164194
27.59,0.7524157251984409,0.000010755051349506749,0.24757351975020958
27.6,0.7523810273223963,0.000010753411043218531,0.24760821926656046
27.61,0.7523463434951602,0.000010751771713869464,0.24764290473312597
27.62,0.7523116702399094,0.000010750133196720037,0.24767757962689388
27.63,0.7522770075497967,0.000010748495491086352,0.24771224395471225
27.64,0.752242355417982,0.000010746858596285366,0.2477468977234217
27.650000000000002,0.7522077138376325,0.000010745222511634872,0.24778154093985585
27.66,0.7521730828019196,0.000010743587236453323,0.2478161736108439
27.67,0.7521384623040233,0.000010741952770060107,0.24785079574320668
27.68,0.7521038523371321,0.000010740319111775443,0.24788540734375616
27.69,0.75206925289444,0.000010738686260920332,0.24792000841929904
27.7,0.7520346605107775,0.00001073705405365235,0.24795460243516884
27.71,0.7520000820971385,0.000010735422815702897,0.24798918248004576
27.72,0.7519655141873178,0.000010733792383150578,0.24802375202029903
27.73,0.7519309567745353,0.000010732162755319569,0.24805831106270942
27.740000000000002,0.7518964098520184,0.000010730533931534842,0.24809285961405003
27.75,0.7518618734130028,0.00001072890591112223,0.24812739768108608
27.76,0.7518273474507277,0.000010727278693408231,0.24816192527057893
27.77,0.7517928319584393,0.000010725652277720172,0.248196442389283
27.78,0.7517583269293936,0.000010724026663386255,0.24823094904394302
27.79,0.7517238323568498,0.000010722401849735393,0.24826544524130045
27.8,0.7516893447861824,0.000010720777673735779,0.24829993443614384
27.810000000000002,0.7516548711074965,0.00001071915445952092,0.24833440973804397
27.82,0.7516204078651337,0.000010717532043980576,0.24836887460282228
27.830000000000002,0.7515859550523801,0.000010715910426446802,0.24840332903719342
27.84,0.7515515126625326,0.000010714289606252599,0.24843777304786113
27.85,0.75151708068889,0.000010712669582731558,0.24847220664152728
27.86,0.7514826591247585,0.000010711050355218082,0.24850662982488625
27.87,0.751448247963453,0.000010709431923047457,0.24854104260462395
27.88,0.7514138471982942,0.000010707814285555699,0.24857544498742026
27.89,0.7513794568226078,0.000010706197442079552,0.24860983697995015
27.900000000000002,0.7513450733922475,0.000010704581230391238,0.24864422202652206
27.91,0.7513107037765506,0.00001070296597303903,0.24867859325747632
27.92,0.751276344530345,0.000010701351507717357,0.2487129541181473
27.93,0.7512419956469795,0.000010699737833765948,0.24874730461518677
27.94,0.7512076571198227,0.000010698124950525842,0.24878164475522674
27.95,0.751173328942235,0.000010696512857338232,0.24881597454490767
27.96,0.7511390111075922,0.000010694901553545454,0.2488502939908543
27.97,0.7511047036092707,0.000010693291038490394,0.2488846030996908
27.98,0.7510704064406559,0.000010691681311516757,0.24891890187803256
27.990000000000002,0.7510361195951417,0.000010690072371969148,0.2489531903324863
28,0.7510018396389889,0.000010688464058416851,0.24898747189695267
28.01,0.7509675734209036,0.000010686856691836248,0.24902173972240457
28.02,0.7509333175061365,0.000010685250110719863,0.24905599724375282
28.03,0.7508990718881013,0.0000106836443144151,0.24909024446758424
28.04,0.7508648365602221,0.00001068203930227025,0.24912448140047566
28.05,0.7508306115159303,0.000010680435073634457,0.24915870804899604
28.060000000000002,0.7507963967486645,0.000010678831627857627,0.24919292441970764
28.07,0.7507621922518674,0.000010677228964290318,0.24922713051916837
28.080000000000002,0.7507279980189885,0.000010675627082283873,0.24926132635392922
28.09,0.7506938140434843,0.000010674025981190416,0.24929551193053448
28.1,0.7506596369019597,0.000010672425500369836,0.24932969067253993
28.11,0.7506254734226255,0.000010670825959239732,0.24936385575141523
28.12,0.7505913201810732,0.000010669227197083474,0.2493980105917297
28.13,0.7505571771707865,0.000010667629213256212,0.24943215520000023
28.14,0.7505230443852519,0.000010666032007113798,0.24946628958274103
28.150000000000002,0.7504889218179659,0.000010664435578012932,0.2495004137464561
28.16,0.7504548094624285,0.000010662839925310959,0.2495345276976462
28.17,0.7504207073121468,0.000010661245048365981,0.2495686314428048
28.18,0.7503866153606369,0.000010659650946536991,0.24960272498841657
28.19,0.7503525336014173,0.000010658057619183529,0.24963680834096352
28.2,0.7503184586213653,0.000010656464906449256,0.2496708849137283
28.21,0.7502843972283324,0.000010654873126206117,0.2497049478985414
28.22,0.7502503460081846,0.000010653282118521676,0.24973900070969685
28.23,0.7502163049544706,0.000010651691882758651,0.2497730433536467
28.240000000000002,0.7501822740607416,0.000010650102418280362,0.24980707583684017
28.25,0.7501482533205561,0.000010648513724450922,0.24984109816571942
28.26,0.7501142427274768,0.00001064692580063503,0.24987511034672252
28.27,0.7500802422750765,0.000010645338646198381,0.24990911238627728
28.28,0.750046251956929,0.000010643752260507106,0.2499431042908105
28.29,0.7500122717666178,0.000010642166642928254,0.2499770860667393
28.3,0.7499782983012331,0.000010640581634382999,0.25001106111713256
28.310000000000002,0.7499443383483821,0.000010638997551209736,0.25004502265406664
28.32,0.7499103885041539,0.000010637414234254304,0.25007897408161184
28.330000000000002,0.7498764487621563,0.000010635831682886646,0.2501129154061608
28.34,0.749842519116006,0.000010634249896477555,0.25014684663409753
28.35,0.7498085995593171,0.000010632668874398146,0.2501807677718085
28.36,0.7497746900857194,0.000010631088616020702,0.25021467882566456
28.37,0.7497407906888449,0.000010629509120718035,0.25024857980203435
28.38,0.7497069013623325,0.00001062793038786371,0.2502824707072796
28.39,0.7496730220998278,0.000010626352416832077,0.2503163515477554
28.400000000000002,0.7496391495085627,0.000010624775049315141,0.250350225716388
28.41,0.7496052903560353,0.00001062319860013059,0.2503840864453646
28.42,0.7495714412484852,0.000010621622910895776,0.25041793712860394
28.43,0.749537602179583,0.000010620047980987977,0.25045177777243605
28.44,0.749503773143005,0.000010618473809785098,0.25048560838318523
28.45,0.7494699541324308,0.000010616900396665677,0.25051942896717255
28.46,0.7494361451415497,0.000010615327741009068,0.25055323953070935
28.47,0.7494023461640543,0.00001061375584219529,0.25058704008010346
28.48,0.749368557193645,0.000010612184699605088,0.25062083062165535
28.490000000000002,0.7493347782240279,0.000010610614312619952,0.25065461116165944
28.5,0.7493010058725161,0.000010609044523696546,0.25068838508296015
28.51,0.749267246886624,0.000010607475646144145,0.2507221456377298
28.52,0.7492334978826785,0.000010605907522345427,0.2507558962097992
28.53,0.7491997588544081,0.000010604340151684624,0.25078963680544014
28.54,0.7491660297955516,0.00001060277353354683,0.2508233674309149
28.55,0.7491323106998491,0.000010601207667317694,0.2508570880924836
28.560000000000002,0.7490986015610502,0.000010599642552383677,0.25089079879639736
28.57,0.7490649023729089,0.000010598078188131887,0.25092449954890295
28.580000000000002,0.749031213129186,0.000010596514573950175,0.25095819035624006
28.59,0.7489975338236484,0.000010594951709227087,0.25099187122464234
28.6,0.7489638610836259,0.000010593389437177642,0.25102554552693696
28.61,0.7489302016367722,0.000010591828069614921,0.25105920653515823
28.62,0.7488965521094367,0.000010590267449680497,0.25109285762311356
28.63,0.7488629124954101,0.00001058870757676571,0.2511264987970131
28.64,0.7488292827884906,0.000010587148450262678,0.25116013006305915
28.650000000000002,0.748795662982477,0.00001058559006956395,0.2511937514274534
28.66,0.74876205307118,0.000010584032434063094,0.2512273628963859
28.67,0.7487284530484132,0.000010582475543154164,0.2512609644760437
28.68,0.7486948629079974,0.000010580919396231997,0.25129455617260643
28.69,0.7486612826437578,0.000010579363992692061,0.25132813799224957
28.7,0.7486277088929799,0.000010577809176501612,0.25136171329784357
28.71,0.74859414836358,0.000010576255257989555,0.2513952753811621
28.72,0.7485605976918684,0.000010574702081050266,0.2514288276060505
28.73,0.7485270568716964,0.000010573149645082072,0.2514623699786585
28.740000000000002,0.748493525896918,0.000010571597949483828,0.25149590250513254
28.75,0.7484600047613937,0.000010570046993655146,0.2515294251916126
28.76,0.748426493458993,0.000010568496776996395,0.25156293804422997
28.77,0.7483929919835887,0.000010566947298908582,0.25159644106911244
28.78,0.7483595003290596,0.000010565398558793377,0.25162993427238156
28.79,0.7483260184892899,0.000010563850556053092,0.25166341766015404
28.8,0.7482925431114575,0.000010562303135401007,0.25169689458540706
28.810000000000002,0.7482590808838637,0.000010560756605693948,0.25173035835953056
28.82,0.7482256284527189,0.000010559210811572898,0.25176381233646955
28.830000000000002,0.7481921858119301,0.000010557665752442945,0.25179725652231744
28.84,0.7481587529554125,0.000010556121427709839,0.25183069092315985
28.85,0.7481253298770839,0.000010554577836779982,0.2518641155450793
28.86,0.748091916570872,0.000010553034979060522,0.2518975303941489
28.87,0.7480585130307069,0.000010551492853959192,0.25193093547643913
28.88,0.7480251192505262,0.000010549951460884452,0.25196433079801295
28.89,0.7479917352242726,0.000010548410799245427,0.2519977163649281
28.900000000000002,0.7479583576089534,0.000010546870714495297,0.25203109552033215
28.91,0.7479249930733791,0.000010545331514030682,0.25206446159510687
28.92,0.7478916382735934,0.00001054379304323303,0.2520978179333634
28.93,0.7478582932035639,0.000010542255301514218,0.2521311645411346
28.94,0.7478249578572621,0.000010540718288286693,0.2521645014244496
28.95,0.7477916322286636,0.000010539182002963512,0.25219782858933343
28.96,0.7477583163117532,0.000010537646444958567,0.25223114604180186
28.97,0.7477250101005193,0.000010536111613686255,0.25226445378786705
28.98,0.7476917135889565,0.000010534577508561693,0.252297751833535
28.990000000000002,0.7476584267710658,0.000010533044129000723,0.25233104018480523
29,0.747625146313623,0.000010531511321190503,0.25236432217505583
29.01,0.7475918788660642,0.000010529979391078952,0.25239759115454474
29.02,0.7475586210942118,0.000010528448184782206,0.25243085045760344
29.03,0.7475253729920875,0.000010526917701718693,0.25246410009021075
29.04,0.7474921345537201,0.000010525387941307454,0.25249734005833857
29.05,0.747458905773142,0.000010523858902968145,0.252530570367955
29.060000000000002,0.7474256866443961,0.000010522330586121292,0.25256379102501775
29.07,0.7473924771615265,0.000010520802990187873,0.25259700203548335
29.080000000000002,0.7473592773185855,0.000010519276114589614,0.2526302034052999
29.09,0.7473260871096287,0.000010517749958748838,0.2526633951404126
29.1,0.7472929032111422,0.000010516224369580807,0.25269658056448824
29.11,0.7472597322533117,0.000010514699651596602,0.25272975304703676
29.12,0.7472265709116673,0.000010513175651640667,0.252762915912681
29.13,0.7471934191802899,0.00001051165236913803,0.25279606916734093
29.14,0.7471602770532659,0.000010510129803514367,0.25282921281693055
29.150000000000002,0.7471271445246844,0.000010508607954195858,0.25286234686736137
29.16,0.7470940215886422,0.000010507086820609412,0.25289547132453716
29.17,0.7470609082392392,0.000010505566402182516,0.2529285861943586
29.18,0.7470278044705845,0.000010504046698343405,0.2529616914827172
29.19,0.7469947102767901,0.000010502527708520899,0.2529947871955014
29.2,0.7469616223439899,0.000010501009280352437,0.25302787664672977
29.21,0.7469285472832317,0.000010499491716923347,0.2530609532250514
29.22,0.7468954817797041,0.000010497974865801072,0.2530940202454301
29.23,0.7468624258275429,0.000010496458726417028,0.25312707771373066
29.240000000000002,0.7468293794208873,0.000010494943298203207,0.25316012563581447
29.25,0.7467963425538839,0.000010493428580592271,0.25319316401753544
29.26,0.7467633152206836,0.000010491914573017511,0.25322619286474335
29.27,0.7467302974154449,0.000010490401274912917,0.2532592121832801
29.28,0.7466972891323272,0.000010488888685712974,0.25329222197898704
29.29,0.7466642903654995,0.000010487376804852771,0.2533252222576956
29.3,0.7466312978106878,0.000010485865480686535,0.2533582163238315
29.310000000000002,0.7465983180599198,0.000010484355014885092,0.2533911975850653
29.32,0.7465653478079781,0.000010482845255732856,0.25342416934676615
29.330000000000002,0.7465323870490533,0.000010481336202667589,0.253457131614744
29.34,0.74649943577734,0.000010479827855127616,0.25349008439480486
29.35,0.7464664939870381,0.00001047832021255188,0.2535230276927493
29.36,0.7464335616723557,0.000010476813274380082,0.2535559615143699
29.37,0.7464006388275033,0.000010475307040052412,0.25358888586545664
29.38,0.7463677254466977,0.000010473801509009744,0.25362180075179325
29.39,0.7463348215241625,0.000010472296680693593,0.25365470617915675
29.400000000000002,0.7463019237651491,0.000010470792404168467,0.2536876054424467
29.41,0.7462690387427844,0.000010469288979702302,0.25372049196823593
29.42,0.7462361631613893,0.000010467786256290825,0.2537533690523544
29.43,0.7462032970152056,0.000010466284233377914,0.253786236700561
29.44,0.7461704402984842,0.000010464782910408221,0.2538190949186054
29.45,0.7461375930054773,0.000010463282286826861,0.25385194371223585
29.46,0.746104755130449,0.000010461782362079835,0.25388478308718887
29.47,0.746071926667662,0.000010460283135613486,0.2539176130492024
29.48,0.7460391076113884,0.000010458784606874941,0.25395043360400477
29.490000000000002,0.7460062979559039,0.000010457286775311846,0.2539832447573208
29.5,0.745973494415936,0.000010455789490693958,0.2540160497945733
29.51,0.7459407035458179,0.000010454293051896875,0.2540488421611302
29.52,0.745907922059349,0.000010452797308621942,0.2540816251433424
29.53,0.7458751499508267,0.000010451302260319298,0.254114398746913
29.54,0.7458423872145542,0.000010449807906439703,0.25414716297753936
29.55,0.7458096338448389,0.00001044831424643449,0.25417991784091465
29.560000000000002,0.7457768898359951,0.000010446821279755679,0.25421266334272513
29.57,0.7457441551823404,0.000010445329005855792,0.25424539948865377
29.580000000000002,0.7457114298781977,0.000010443837424187945,0.25427812628437807
29.59,0.7456787139179009,0.00001044234653420616,0.25431084373556495
29.6,0.7456460040255858,0.000010440856186379361,0.2543435551182278
29.61,0.7456133067369166,0.000010439366678202273,0.25437625389640517
29.62,0.7455806187751081,0.000010437877860076004,0.25440894334703185
29.63,0.7455479401345139,0.000010436389731456935,0.25444162347575466
29.64,0.7455152708094883,0.000010434902291801823,0.2544742942882199
29.650000000000002,0.7454826107943914,0.00001043341554056804,0.25450695579006805
29.66,0.7454499600835893,0.00001043192947721362,0.2545396079869335
29.67,0.7454173186714541,0.000010430444101197211,0.2545722508844447
29.68,0.7453846865523621,0.000010428959411978009,0.2546048844882259
29.69,0.7453520637206953,0.00001042747540901586,0.2546375088038957
29.7,0.7453194469099496,0.000010425991943473722,0.254670127098107
29.71,0.7452868426372259,0.000010424509311475959,0.2547027328534626
29.72,0.7452542476351037,0.000010423027364118246,0.2547353293375322
29.73,0.7452216618979853,0.000010421546100862755,0.2547679165559138
29.740000000000002,0.7451890854202786,0.000010420065521172279,0.2548004945142002
29.75,0.7451565181964044,0.000010418585624510622,0.2548330632179711
29.76,0.7451239602207638,0.000010417106410340958,0.25486562267282586
29.77,0.7450914114877893,0.000010415627878128284,0.25489817288433253
29.78,0.7450588719919092,0.000010414150027337727,0.25493071385806343
29.79,0.7450263417275569,0.000010412672857435082,0.25496324559958566
29.8,0.7449938174375282,0.000010411196220271714,0.2549957713662515
29.810000000000002,0.7449613056204748,0.000010409720410612429,0.2550282846591146
29.82,0.7449288030182807,0.000010408245280241826,0.25506078873643906
29.830000000000002,0.7448963096254,0.000010406770828628,0.25509328360377137
29.84,0.7448638254362917,0.000010405297055239567,0.25512576926665304
29.85,0.7448313504454203,0.000010403823959545768,0.2551582457306202
29.86,0.7447988846472559,0.000010402351541016742,0.2551907130012031
29.87,0.7447664280362717,0.000010400879799122697,0.25522317108392917
29.88,0.7447339806069481,0.000010399408733334713,0.2552556199843186
29.89,0.7447015423537712,0.000010397938343124437,0.2552880597078857
29.900000000000002,0.7446691100287784,0.000010396468481026211,0.25532049350274055
29.91,0.7446366901122823,0.000010394999440455833,0.25535291488827727
29.92,0.7446042793554166,0.000010393531073881417,0.2553853271135095
29.93,0.7445718777526856,0.00001039206338077686,0.2554177301839336
29.94,0.7445394852985999,0.000010390596360616699,0.2554501241050395
29.95,0.7445071019876744,0.00001038913001287601,0.25548250888231266
29.96,0.7444747278144296,0.000010387664337030437,0.2555148845212334
29.97,0.7444423627733898,0.00001038619933255619,0.2555472510272776
29.98,0.7444100068590869,0.000010384734998930148,0.2555796084059142
29.990000000000002,0.7443776600660543,0.00001038327133562961,0.25561195666261005
30,0.7443453191555215,0.000010381808195866706,0.25564429903628266
30.01,0.744312990589568,0.000010380345871718575,0.2556766290645603
30.02,0.7442806711285227,0.000010378884216331582,0.25570894998726096
30.03,0.7442483607669398,0.00001037742322918534,0.25574126180983103
30.04,0.7442160594993799,0.000010375962909760102,0.2557735645377104
30.05,0.7441837673204119,0.000010374503257536785,0.25580585817633056
30.060000000000002,0.7441514842245984,0.000010373044271996532,0.2558381427311296
30.07,0.7441192102065195,0.000010371585952621387,0.25587041820752787
30.080000000000002,0.7440869452607547,0.00001037012829889387,0.2559026846109464
30.09,0.7440546893818893,0.000010368671310297053,0.25593494194680033
30.1,0.7440224393402852,0.0000103672148407154,0.25596719344487406
30.11,0.7439902015798999,0.000010365759180897855,0.2559994326609192
30.12,0.7439579728701989,0.000010364304184663553,0.2560316628256164
30.13,0.7439257532057878,0.00001036284985149785,0.2560638839443607
30.14,0.7438935425812764,0.000010361396180886631,0.25609609602254274
30.150000000000002,0.7438613409912793,0.000010359943172316332,0.25612829906554835
30.16,0.7438291484304166,0.000010358490825273974,0.25616049307875816
30.17,0.7437969648933108,0.000010357039139247022,0.2561926780675499
30.18,0.7437647903745962,0.000010355588113723813,0.25622485403729006
30.19,0.7437326248689046,0.000010354137748192909,0.25625702099334724
30.2,0.7437004651556767,0.000010352687897205946,0.2562891821564261
30.21,0.7436683176608554,0.000010351238850193853,0.2563213311002944
30.22,0.7436361791629893,0.00001034979046164339,0.25635347104654904
30.23,0.7436040496567339,0.00001034834273104553,0.25638560200053506
30.240000000000002,0.7435719291367479,0.000010346895657891717,0.25641772396759427
30.25,0.7435398175976942,0.000010345449241673916,0.25644983695306417
30.26,0.7435077150342421,0.000010344003481884765,0.25648194096227606
30.27,0.7434756214410643,0.000010342558378017287,0.2565140360005577
30.28,0.7434435368128408,0.00001034111392956525,0.25654612207322963
30.29,0.7434114611442547,0.000010339670136022844,0.25657819918560926
30.3,0.743379391223772,0.000010338226852603713,0.25661027054937546
30.310000000000002,0.7433473334594245,0.000010336784367430795,0.2566423297562081
30.32,0.7433152846387933,0.000010335342535653477,0.2566743800186711
30.330000000000002,0.7432832447565795,0.00001033390135676806,0.2567064213420638
30.34,0.7432512138074903,0.000010332460830271492,0.2567384537316795
30.35,0.743219191786239,0.000010331020955661331,0.2567704771928054
30.36,0.7431871786875428,0.000010329581732435637,0.2568024917307248
30.37,0.7431551745061237,0.000010328143160093006,0.25683449735071623
30.38,0.7431231792367075,0.000010326705238132518,0.2568664940580544
30.39,0.7430911928740264,0.000010325267966053937,0.25689848185800757
30.400000000000002,0.7430592122155152,0.000010323831199727558,0.25693046395328506
30.41,0.7430272436514058,0.00001032239522597869,0.2569624339533682
30.42,0.7429952839782534,0.000010320959900613895,0.25699439506184596
30.43,0.7429633331908031,0.00001031952522313467,0.2570263472839738
30.44,0.7429313912838184,0.000010318091193044054,0.2570582906249886
30.45,0.7428994582520594,0.000010316657809844663,0.25709022509013074
30.46,0.7428675340902882,0.000010315225073039942,0.2571221506846388
30.47,0.7428356187932732,0.000010313792982133834,0.2571540674137447
30.48,0.7428037123557901,0.000010312361536630915,0.25718597528267323
30.490000000000002,0.7427718147726173,0.000010310930736036214,0.2572178742966466
30.5,0.7427399228501065,0.000010309500436871883,0.2572497676494567
30.51,0.7427080429607943,0.000010308070924675311,0.25728164896828104
30.52,0.7426761719101559,0.000010306642055905239,0.2573135214477882
30.53,0.7426443096929909,0.000010305213830068944,0.25734538509317906
30.54,0.742612456304101,0.000010303786246674098,0.25737723990965233
30.55,0.7425806117382938,0.000010302359305228959,0.25740908590240097
30.560000000000002,0.7425487759903797,0.000010300933005242274,0.25744092307661504
30.57,0.7425169490551762,0.000010299507346223361,0.2574727514374776
30.580000000000002,0.742485130927504,0.000010298082327682061,0.2575045709901683
30.59,0.7424533216021908,0.000010296657949128784,0.2575363817398601
30.6,0.7424215178944529,0.000010295234067732458,0.25756818687147937
30.61,0.742389726159231,0.000010293810967752263,0.2575999800298012
30.62,0.742357943210872,0.00001029238850629426,0.2576317644006217
30.63,0.7423261690442209,0.00001029096668287093,0.25766353998909625
30.64,0.7422944036541267,0.000010289545496995252,0.25769530680037633
30.650000000000002,0.7422626470354426,0.000010288124948180732,0.25772706483960917
30.66,0.7422308991830293,0.000010286705035941485,0.25775881411193474
30.67,0.7421991600917464,0.000010285285759791925,0.25779055462249384
30.68,0.7421674297564629,0.000010283867119247165,0.25782228637641785
30.69,0.7421357081720524,0.00001028244911382291,0.25785400937883374
30.7,0.742103992162544,0.000010281031601329828,0.2578857268058547
30.71,0.742072288065386,0.000010279614864758664,0.2579174323197492
30.72,0.7420405927037447,0.000010278198761857823,0.25794912909749346
30.73,0.7420089060725101,0.00001027678329214495,0.25798081714419774
30.740000000000002,0.74197722816658,0.000010275368455138328,0.2580124964649649
30.75,0.7419455589808495,0.000010273954250356465,0.2580441670649002
30.76,0.7419138985102252,0.000010272540677318681,0.25807582894909753
30.77,0.7418822467496163,0.000010271127735544715,0.2581074821226481
30.78,0.7418506036939368,0.000010269715424554823,0.2581391265906386
30.79,0.7418189693381037,0.00001026830374386971,0.2581707623581525
30.8,0.7417873405149088,0.0000102668925519371,0.25820239259253924
30.810000000000002,0.7417557235444118,0.000010265482130488911,0.2582340109734577
30.82,0.7417241152585429,0.000010264072337910835,0.25826562066911923
30.830000000000002,0.7416925156522386,0.00001026266317372569,0.2582972216845877
30.84,0.7416609247204394,0.00001026125463745679,0.25832881402492314
30.85,0.7416293424580922,0.000010259846728628001,0.25836039769517916
30.86,0.7415977688601441,0.000010258439446763545,0.2583919727004092
30.87,0.7415662039215523,0.000010257032791388386,0.25842353904565635
30.88,0.7415346476372735,0.00001025562676202777,0.25845509673596445
30.89,0.7415031000022727,0.000010254221358207628,0.2584866457763691
30.900000000000002,0.7414715578580503,0.000010252816439007652,0.2585181893255107
30.91,0.7414400275073693,0.000010251412284910063,0.25854972108034585
30.92,0.7414085057908896,0.000010250008754933807,0.2585812442003555
30.93,0.7413769927035854,0.000010248605848606383,0.25861275869056605
30.94,0.7413454882404424,0.00001024720356545617,0.2586442645559921
30.95,0.7413139923964512,0.000010245801905012056,0.25867576180164376
30.96,0.7412825051666065,0.00001024440086680342,0.2587072504325267
30.970000000000002,0.7412510265459077,0.00001024300045036014,0.25873873045364193
30.98,0.7412195565293582,0.00001024160065521253,0.25877020186998656
30.990000000000002,0.7411880951119665,0.000010240201480891548,0.25880166468655263
31,0.7411566391438916,0.000010238802787104116,0.25883312205332126
31.01,0.7411251949107158,0.000010237404853092886,0.25886456768443106
31.02,0.7410937592617481,0.000010236007538503802,0.25889600473071334
31.03,0.7410623321920136,0.000010234610842869707,0.25892743319714356
31.04,0.7410309136965441,0.000010233214765724017,0.2589588530886902
31.05,0.7409995037703726,0.000010231819306600519,0.2589902644103208
31.060000000000002,0.740968102408541,0.00001023042446503364,0.25902166716699393
31.07,0.7409367096060911,0.000010229030240558201,0.2590530613636683
31.080000000000002,0.7409053253580701,0.000010227636632709466,0.2590844470052972
31.09,0.740873949659532,0.000010226243641023348,0.259115824096827
31.1,0.7408425793692469,0.000010224851125829448,0.25914719577962725
31.11,0.740811220755701,0.000010223459365139421,0.2591785557849338
31.12,0.7407798706768209,0.000010222068219222412,0.25920990725495985
31.13,0.7407485291276755,0.00001022067768761615,0.25924125019463684
31.14,0.74071719610334,0.000010219287769858957,0.2592725846088902
31.150000000000002,0.7406858715988923,0.000010217898465489567,0.2593039105026422
31.16,0.7406545556094157,0.000010216509774047267,0.2593352278808102
31.17,0.7406232481299966,0.000010215121695071719,0.25936653674830834
31.18,0.7405919491557279,0.000010213734228103233,0.259397837110044
31.19,0.7405606586817055,0.000010212347372682519,0.2594291289709218
31.2,0.7405293735752557,0.000010210960989756855,0.25946041546375453
31.21,0.7404981000878819,0.000010209575356116854,0.259491690336762
31.220000000000002,0.7404668350860658,0.000010208190332649531,0.25952295672360154
31.23,0.7404355785649217,0.000010206805918897583,0.2595542146291594
31.240000000000002,0.7404043305195691,0.000010205422114404218,0.2595854640583165
31.25,0.7403730909451286,0.000010204038918712966,0.2596167050159527
31.26,0.7403418598367272,0.000010202656331367976,0.25964793750694143
31.27,0.7403106371894969,0.000010201274351913879,0.2596791615361512
31.28,0.7402794229985706,0.000010199892979895639,0.25971037710844946
31.29,0.7402482172590878,0.000010198512214858823,0.2597415842286973
31.3,0.7402170168468866,0.000010197131918363944,0.2597727860211951
31.310000000000002,0.7401858279965718,0.000010195752365989147,0.25980397625106216
31.32,0.7401546475831428,0.00001019437341923515,0.259835158043438
31.330000000000002,0.7401234756017562,0.00001019299507764943,0.2598663314031662
31.34,0.7400923120475741,0.000010191617340779976,0.25989749633508513
31.35,0.7400611569157602,0.000010190240208175119,0.2599286528440316
31.36,0.7400300102014838,0.000010188863679383747,0.2599598009348368
31.37,0.7399988718999182,0.0000101874877539552,0.25999094061232786
31.38,0.739967742006241,0.0000101861124314393,0.26002207188132753
31.39,0.739936620515634,0.000010184737711386318,0.2600531947466546
31.400000000000002,0.7399055043123951,0.000010183363455965381,0.2600843123241489
31.41,0.739874399614332,0.000010181989939551246,0.26011541839572844
31.42,0.7398433033049094,0.000010180617024253698,0.2601465160780663
31.43,0.7398122153793271,0.000010179244709624953,0.2601776053759633
31.44,0.7397811358327863,0.000010177872995217561,0.2602086862942185
31.45,0.7397500646604964,0.000010176501880584758,0.260239758837623
31.46,0.7397190018576678,0.00001017513136528007,0.26027082301096693
31.470000000000002,0.7396879474195163,0.000010173761448857547,0.2603018788190349
31.48,0.7396569013412624,0.000010172392130871738,0.26033292626660676
31.490000000000002,0.7396258636181289,0.000010171023410877593,0.26036396535846024
31.5,0.7395948311428245,0.000010169655151648187,0.2603949992020238
31.51,0.7395638101164568,0.000010168287626363897,0.2604260215959169
31.52,0.739532797430905,0.00001016692069773896,0.26045703564839723
31.53,0.7395017930814136,0.000010165554365330234,0.26048804136422105
31.54,0.7394707970632338,0.000010164188628695405,0.2605190387481375
31.55,0.739439809371604,0.000010162823487391868,0.2605500278049086
31.560000000000002,0.7394088300017735,0.000010161458940977484,0.2605810085392855
31.57,0.7393778589490057,0.000010160094989011295,0.26061198095600535
31.580000000000002,0.7393468962085618,0.000010158731631052456,0.2606429450598072
31.59,0.7393159417757083,0.000010157368866660616,0.2606739008554251
31.6,0.7392849925515169,0.000010156006559208301,0.2607048514419239
31.61,0.7392540547204866,0.000010154644980690297,0.2607357906345328
31.62,0.739223125182868,0.000010153283994420846,0.26076672153313757
31.63,0.739192203933944,0.000010151923599961373,0.260797644142456
31.64,0.739161290968999,0.00001015056379687372,0.26082855846720415
31.650000000000002,0.739130386283325,0.000010149204584720344,0.26085946451209036
31.66,0.7390994898722155,0.000010147845963063975,0.26089036228182144
31.67,0.7390686017309708,0.000010146487931467978,0.26092125178109776
31.68,0.7390377218548908,0.00001014513048949595,0.2609521330146197
31.69,0.7390068502392855,0.0000101437736367122,0.2609830059870778
31.7,0.7389759837935409,0.000010142417237084333,0.26101387378922203
31.71,0.738945128685644,0.000010141061561430199,0.26104473025279457
31.720000000000002,0.7389142818241642,0.00001013970647365948,0.26107557846936214
31.73,0.7388834432044267,0.000010138351973338223,0.2611064184436
31.740000000000002,0.738852612821757,0.000010136998060032838,0.261137250180183
31.75,0.7388217906714867,0.000010135644733310194,0.26116807368378003
31.76,0.7387909767489514,0.000010134291992737652,0.2611988889590558
31.77,0.7387601710494905,0.000010132939837882992,0.2612296960106716
31.78,0.7387293735684476,0.000010131588268314464,0.2612604948432841
31.79,0.73869858430117,0.000010130237283600749,0.26129128546154645
31.8,0.7386678001653116,0.000010128886748300057,0.2613220709479401
31.810000000000002,0.7386370273124443,0.000010127536932062215,0.2613528451506236
31.82,0.7386062626594087,0.000010126187699387875,0.26138361115289194
31.830000000000002,0.7385755062015688,0.000010124839049847535,0.2614143689593814
31.84,0.7385447579342908,0.000010123490983012035,0.26144511857472624
31.85,0.7385140178529481,0.000010122143498452821,0.26147586000355344
31.86,0.7384832859529169,0.000010120796595741706,0.26150659325048736
31.87,0.7384525622295757,0.000010119450274450894,0.26153731832014987
31.88,0.7384218466783082,0.000010118104534153066,0.2615680352171576
31.89,0.7383911392945035,0.000010116759374421426,0.2615987439461221
31.900000000000002,0.7383604370040378,0.000010115414660400508,0.26162944758130185
31.91,0.7383297459421518,0.000010114070660580267,0.26166013998718757
31.92,0.7382990630339143,0.000010112727240048158,0.2616908242388456
31.93,0.7382683882747291,0.00001011138439837909,0.26172150034087255
31.94,0.7382377216600029,0.000010110042135148355,0.26175216829786196
31.95,0.7382070631851493,0.0000101087004499318,0.2617828281144008
31.96,0.7381764128455832,0.000010107359342305615,0.26181347979507447
31.970000000000002,0.7381457706367239,0.000010106018811846432,0.2618441233444642
31.98,0.7381151365539947,0.000010104678858131322,0.2618747587671471
31.990000000000002,0.7380845105928231,0.000010103339480737795,0.26190538606769614
32,0.7380538896872636,0.000010102000545392552,0.261936008312191
32.01,0.7380232799563174,0.000010100662319434114,0.2619666193813631
32.02,0.7379926783332352,0.000010099324668532426,0.2619972223420962
32.03,0.7379620848134599,0.000010097987592266736,0.2620278171989478
32.04,0.7379314993924379,0.00001009665109021671,0.26205840395647195
32.05,0.7379009220656219,0.000010095315161962551,0.2620889826192162
32.06,0.7378703528284662,0.000010093979807084754,0.2621195531917267
32.07,0.7378397916764294,0.000010092645025164318,0.2621501156785454
32.08,0.7378092386049747,0.000010091310815782676,0.2621806700842095
32.09,0.7377786936095637,0.000010089977178521425,0.2622112164132578
32.1,0.7377481536323884,0.000010088643979685372,0.2622417577236319
32.11,0.7377176247763026,0.00001008731148547002,0.26227228791221185
32.12,0.7376871039826892,0.000010085979562123402,0.26230281003774863
32.13,0.7376565912470303,0.000010084648209229079,0.26233332410476046
32.14,0.7376260865648127,0.00001008331742637106,0.262363830117761
32.15,0.7375955899315264,0.000010081987213133775,0.26239432808126045
32.160000000000004,0.7375651013426651,0.000010080657569102036,0.26242481799976586
32.17,0.7375346207937253,0.000010079328493861093,0.2624552998777808
32.18,0.7375041482802117,0.000010077999986996735,0.2624857737198013
32.19,0.737473683797628,0.000010076672048095023,0.2625162395303239
32.2,0.7374432242962395,0.000010075344544033748,0.2625467003592164
32.21,0.7374127758628519,0.000010074017739874159,0.2625771501194082
32.22,0.737382335446933,0.000010072691502438058,0.26260759186156457
32.230000000000004,0.7373519030440047,0.000010071365831313297,0.262638025590164
32.24,0.7373214786495925,0.00001007004072608814,0.2626684513096814
32.25,0.737291062259225,0.000010068716186351251,0.2626988690245886
32.26,0.7372606538684343,0.00001006739221169172,0.262729278739354
32.27,0.7372302534727561,0.000010066068801698884,0.2627596804584422
32.28,0.7371998610677315,0.000010064745955962875,0.26279007418631256
32.29,0.737169476648905,0.000010063423674073973,0.2628204599274209
32.3,0.7371390971745798,0.000010062101823479281,0.2628508407235967
32.31,0.7371087287155931,0.000010060780668113543,0.2628812105037388
32.32,0.7370783682294582,0.000010059460075368395,0.26291157231046647
32.33,0.7370480157117351,0.000010058140044835869,0.2629419261482201
32.34,0.7370176711579862,0.000010056820576108371,0.2629722720214377
32.35,0.7369873345637786,0.000010055501668778756,0.2630026099345526
32.36,0.7369570059246824,0.000010054183322440247,0.26303293989199517
32.37,0.7369266852362716,0.000010052865536686529,0.26306326189819174
32.38,0.7368963724941261,0.000010051548311111746,0.2630935759575628
32.39,0.7368660676938261,0.000010050231645310327,0.2631238820745286
32.4,0.7368357678016689,0.00001004891540729455,0.2631541832829238
32.410000000000004,0.7368054788726102,0.000010047599859880754,0.26318447352752994
32.42,0.7367751978721716,0.00001004628487102655,0.2632147558429574
32.43,0.7367449247959441,0.000010044970440327829,0.26324503023361556
32.44,0.7367146596395293,0.000010043656567381187,0.2632752967039033
32.45,0.7366844023985306,0.000010042343251783572,0.2633055552582176
32.46,0.7366541530685573,0.000010041030493132385,0.26333580590094957
32.47,0.7366239116452208,0.000010039718291025422,0.2633660486364882
32.480000000000004,0.736593678124137,0.000010038406645060872,0.26339628346921795
32.49,0.7365634525009248,0.000010037095554837332,0.26342651040352033
32.5,0.7365332317498297,0.000010035784888928097,0.2634567324652814
32.51,0.7365030219100243,0.00001003447490903956,0.2634869436150667
32.52,0.736472819954971,0.000010033165483690275,0.26351714687954525
32.53,0.7364426258803053,0.000010031856612480521,0.26354734226308224
32.54,0.7364124396816631,0.000010030548295010857,0.26357752977004184
32.55,0.7363822613546883,0.000010029240530882418,0.2636077094047808
32.56,0.7363520908950235,0.00001002793331969653,0.26363788117165676
32.57,0.7363219282983217,0.00001002662666105522,0.2636680450750173
32.58,0.7362917735602339,0.000010025320554560675,0.26369820111921155
32.59,0.7362616266764161,0.00001002401499981553,0.263728349308584
32.6,0.7362314846290193,0.000010022709865950152,0.26375849266111473
32.61,0.7362013534415129,0.00001002140541356865,0.2637886251530735
32.62,0.736171230095267,0.000010020101511746795,0.2638187498032213
32.63,0.7361411145859533,0.00001001879816008898,0.2638488666158866
32.64,0.7361110069092506,0.000010017495358200032,0.2638789755953912
32.65,0.7360809070608345,0.000010016193105684899,0.2639090767460598
32.660000000000004,0.736050815036387,0.00001001489140214903,0.26393917007221085
32.67,0.736020730831595,0.000010013590247198334,0.26396925557815776
32.68,0.735990654442147,0.000010012289640439023,0.2639993332682126
32.69,0.7359605858637372,0.000010010989581477828,0.2640294031466813
32.7,0.7359305220863751,0.000010009689939997976,0.2640594682236849
32.71,0.7359004691179143,0.000010008390975509177,0.2640895224911102
32.72,0.7358704239475933,0.000010007092557640845,0.26411956895984906
32.730000000000004,0.7358403865711188,0.000010005794686001198,0.26414960763419515
32.74,0.735810356984203,0.000010004497360198901,0.26417963851843673
32.75,0.7357803351825605,0.00001000320057984298,0.26420966161685966
32.76,0.73575032116191,0.000010001904344542875,0.2642396769337455
32.77,0.735720314917973,0.000010000608653908406,0.2642696844733731
32.78,0.7356903164464763,0.000009999313507549789,0.26429968424001615
32.79,0.7356603257431492,0.00000999801890507766,0.26432967623794573
32.8,0.7356303398058187,0.000009996724716724304,0.26435966346946455
32.81,0.7356003646268087,0.000009995431200912836,0.26438963994199044
32.82,0.735570397203178,0.00000999413822782203,0.2644196086585942
32.83,0.7355404375306697,0.000009992845797064019,0.2644495696235333
32.84,0.7355104856050316,0.000009991553908251416,0.26447952284106013
32.85,0.7354805414220145,0.000009990262560997139,0.26450946831542455
32.86,0.7354506049773728,0.000009988971754914553,0.2645394060508723
32.87,0.7354206762668665,0.000009987681489617457,0.2645693360516439
32.88,0.7353907552862549,0.000009986391764719893,0.26459925832198045
32.89,0.7353608420313053,0.000009985102579836449,0.2646291728661149
32.9,0.7353309335076182,0.000009983813805744443,0.264659082678576
32.910000000000004,0.7353010356920727,0.000009982525699788172,0.2646889817822275
32.92,0.7352711455895051,0.000009981238132691825,0.2647188731723622
32.93,0.7352412631956945,0.000009979951104071415,0.26474875685320143
32.94,0.7352113885064251,0.00000997866461354346,0.26477863282896136
32.95,0.7351815215174823,0.000009977378660724727,0.264808501103857
32.96,0.7351516622246568,0.00000997609324523245,0.264838361682098
32.97,0.7351218106237426,0.00000997480836668424,0.2648682145678907
32.980000000000004,0.7350919667105331,0.000009973524024697928,0.2648980597654422
32.99,0.7350621304808359,0.000009972240218892177,0.2649278972789452
33,0.7350322989479813,0.000009970956820585356,0.26495773009519813
33.01,0.7350024780734861,0.000009969674086050558,0.26498755225242787
33.02,0.7349726648699237,0.000009968391886553544,0.2650173667381897
33.03,0.7349428593331081,0.000009967110221714191,0.2650471735566702
33.04,0.7349130614588569,0.000009965829091152695,0.26507697271205194
33.05,0.7348832712429938,0.00000996454849448981,0.2651067642085117
33.06,0.7348534886813424,0.000009963268431346498,0.2651365480502263
33.07,0.7348237137697311,0.00000996198890134415,0.26516632424136755
33.08,0.734793946503993,0.000009960709904104547,0.2651960927861029
33.09,0.734764186879964,0.000009959431439249924,0.2652258536885967
33.1,0.7347344319186668,0.000009958153378636084,0.26525560992795455
33.11,0.7347046875663396,0.000009956875977472438,0.26528535555768296
33.12,0.734674950843251,0.00000995559910756253,0.2653150935576415
33.13,0.7346452217452489,0.000009954322768529938,0.26534482393198255
33.14,0.7346155002681869,0.000009953046959998737,0.2653745466848531
33.15,0.7345857864079204,0.000009951771681593285,0.265404261820398
33.160000000000004,0.7345560801603108,0.000009950496932938447,0.26543396934275626
33.17,0.7345263815212207,0.000009949222713659325,0.2654636692560656
33.18,0.734496690486518,0.000009947949023381524,0.26549336156445863
33.19,0.7344670070520741,0.000009946675861730977,0.26552304627206413
33.2,0.734437328246557,0.000009945403101097009,0.26555272635034183
33.21,0.7344076600010114,0.000009944130995632866,0.2655823958679929
33.22,0.7343779993433542,0.000009942859417675862,0.2656120577972281
33.230000000000004,0.7343483462694698,0.000009941588366853378,0.26564171214216337
33.24,0.7343187007752462,0.000009940317842793217,0.265671358906911
33.25,0.7342890628565745,0.000009939047845123543,0.2657009980955804
33.26,0.7342594325093468,0.000009937778373472745,0.26573062971227973
33.27,0.7342298097294662,0.000009936509427469924,0.26576025376110635
33.28,0.7342001945128307,0.000009935241006744191,0.2657898702461626
33.29,0.7341705868553454,0.000009933973110925196,0.26581947917154364
33.3,0.7341409837932852,0.000009932705612931971,0.26584908350110187
33.31,0.7341113912425833,0.000009931438765869168,0.26587867731865084
33.32,0.7340818062387643,0.000009930172442604056,0.2659082635887931
33.33,0.7340522287777473,0.000009928906642767758,0.2659378423156099
33.34,0.7340226588554555,0.00000992764136599177,0.26596741350317854
33.35,0.7339930964678127,0.000009926376611907897,0.26599697715557535
33.36,0.733963541610747,0.000009925112380148247,0.2660265332768729
33.37,0.7339339942801907,0.000009923848670345433,0.266056081871139
33.38,0.7339044544720777,0.00000992258548213231,0.2660856229424401
33.39,0.7338749221823498,0.000009921322815142256,0.266115156494835
33.4,0.7338453944548448,0.000009920060542820255,0.2661446854846124
33.410000000000004,0.7338158771904624,0.000009918798917229492,0.2661742040106204
33.42,0.7337863674322992,0.000009917537811763723,0.26620371502988904
33.43,0.733756865176305,0.000009916277226057566,0.2662332185464689
33.44,0.7337273704184379,0.00000991501715974624,0.2662627145644023
33.45,0.7336978831546552,0.0000099137576124651,0.2662922030877323
33.46,0.7336684033809195,0.000009912498583849997,0.2663216841204966
33.47,0.7336389310931963,0.00000991124007353709,0.2663511576667301
33.480000000000004,0.7336094662874539,0.00000990998208116291,0.2663806237304649
33.49,0.7335800089596645,0.00000990872460636432,0.26641008231572916
33.5,0.7335505561611915,0.00000990746752310865,0.2664395363712854
33.51,0.7335211137779842,0.000009906211082424995,0.26646898001093333
33.52,0.7334916788606654,0.000009904955158229684,0.2664984161841764
33.53,0.7334622514052197,0.000009903699750161015,0.2665278448950301
33.54,0.7334328314076372,0.0000099024448578577,0.26655726614750497
33.55,0.7334034188639094,0.00000990119048095875,0.2665866799456097
33.56,0.733374013770032,0.000009899936619103566,0.26661608629334893
33.57,0.7333446161220022,0.000009898683271931843,0.26664548519472586
33.58,0.7333152259158245,0.00000989743043908375,0.26667487665373635
33.59,0.7332858431475019,0.000009896178120199688,0.2667042606743779
33.6,0.7332564648758813,0.000009894926189765567,0.266733640197929
33.61,0.7332270969720412,0.000009893674897783614,0.26676300935306096
33.62,0.7331977364940919,0.000009892424118689102,0.2667923710817894
33.63,0.733168383438051,0.000009891173852123912,0.26682172538809684
33.64,0.7331390377999412,0.000009889924097730249,0.2668510722759611
33.65,0.7331096995757873,0.000009888674855150685,0.26688041174935756
33.660000000000004,0.7330803687616152,0.000009887426124028115,0.2669097438122608
33.67,0.7330510453534467,0.000009886177904005351,0.26693906846864934
33.68,0.7330217293473703,0.000009884930194728134,0.266968385722435
33.69,0.7329924207393509,0.000009883682995837624,0.2669976955776533
33.7,0.7329631165957093,0.000009882436182335877,0.26702700096810833
33.71,0.7329338227727322,0.000009881190003205292,0.26705629603726455
33.72,0.7329045363359759,0.000009879944333396571,0.26708558371969077
33.730000000000004,0.7328752572814903,0.000009878699172555024,0.26711486401933715
33.74,0.732845985605331,0.00000987745452032629,0.2671441369401487
33.75,0.7328167213035545,0.000009876210376356467,0.2671734024860692
33.76,0.7327874643722228,0.000009874966740292103,0.26720266066103693
33.77,0.7327582148073987,0.000009873723611779829,0.26723191146898956
33.78,0.7327289726051494,0.000009872480990466724,0.26726115491386015
33.79,0.7326997377615453,0.000009871238876000282,0.2672903909995787
33.8,0.7326705073502792,0.000009869997143892741,0.2673196226525769
33.81,0.7326412872129233,0.000009868756042113811,0.2673488440310346
33.82,0.7326120744224441,0.00000986751544612591,0.26737805806210974
33.83,0.7325828689749232,0.000009866275355577803,0.2674072647497212
33.84,0.7325536708664464,0.000009865035770118653,0.2674364640977835
33.85,0.7325244800931038,0.000009863796689397948,0.26746565611020684
33.86,0.7324952966509898,0.000009862558113065633,0.26749484079089714
33.87,0.7324661205361986,0.000009861320040771812,0.2675240181437606
33.88,0.73243695174483,0.00000986008247216704,0.2675531881726978
33.89,0.7324077902729873,0.000009858845406902213,0.2675823508816058
33.9,0.7323786332017244,0.000009857608720997413,0.2676115091895546
33.910000000000004,0.7323494863579815,0.000009856372661416611,0.2676406572693571
33.92,0.7323203468220892,0.00000985513710413037,0.26766979804080665
33.93,0.7322912145901638,0.000009853902048790908,0.26769893150778745
33.94,0.7322620896583227,0.000009852667495050821,0.26772805767418223
33.95,0.7322329720226873,0.000009851433442562989,0.2677571765438701
33.96,0.7322038616793825,0.000009850199890980684,0.2677862881207266
33.97,0.7321747586245366,0.000009848966839957504,0.2678153924086234
33.980000000000004,0.7321456628542791,0.000009847734289147318,0.2678444894114318
33.99,0.7321165743647438,0.00000984650223820437,0.267873579133018
34,0.7320874902443132,0.000009845270563653213,0.2679026644851232
34.01,0.7320584163053669,0.000009844039511458898,0.26793173965512157
34.02,0.7320293496355647,0.000009842808958096622,0.26796080755547724
34.03,0.7320002902310535,0.000009841578903222037,0.2679898681900433
34.04,0.7319712380879798,0.000009840349346490915,0.2680189215626737
34.05,0.731942193202502,0.000009839120287559768,0.26804796767721045
34.06,0.7319131555707729,0.000009837891726085053,0.26807700653750105
34.07,0.731884125188953,0.000009836663661723796,0.2681060381473853
34.08,0.7318551020532044,0.000009835436094133239,0.2681350625107015
34.09,0.7318260861596937,0.00000983420902297104,0.26816407963128336
34.1,0.7317970746040833,0.000009832982325262334,0.26819309241359146
34.11,0.731768073184276,0.000009831756245980388,0.2682220950594781
34.12,0.7317390789952206,0.00000983053066210155,0.26825109047411727
34.13,0.7317100920330941,0.000009829305573284733,0.2682800786613326
34.14,0.7316811122940774,0.000009828080979189188,0.2683090596249434
34.15,0.7316521397743561,0.000009826856879474572,0.2683380333687645
34.160000000000004,0.7316231744701143,0.0000098256332738007,0.26836699989661195
34.17,0.7315942163775446,0.000009824410161827902,0.26839595921229353
34.18,0.7315652654928397,0.000009823187543216743,0.26842491131961704
34.19,0.7315363218121952,0.000009821965417628091,0.26845385622238715
34.2,0.7315073824385239,0.00000982074366258459,0.26848279681781356
34.21,0.731478453155323,0.000009819522522074307,0.26851172732215495
34.22,0.7314495310647915,0.000009818301873571272,0.26854065063333493
34.230000000000004,0.7314206161631378,0.000009817081716737699,0.2685695667551455
34.24,0.7313917084465699,0.000009815862051235962,0.2685984756913789
34.25,0.7313628079113097,0.000009814642876729242,0.26862737744581355
34.26,0.7313339145535718,0.000009813424192880602,0.26865627202223535
34.27,0.7313050283695777,0.000009812205999353575,0.268685159424423
34.28,0.7312761493555495,0.00000981098829581196,0.26871403965615465
34.29,0.7312472775077157,0.000009809771081919947,0.26874291272120243
34.300000000000004,0.7312184099361968,0.000009808554235694106,0.2687717815095675
34.31,0.7311895524101616,0.000009807338000144076,0.26880064025183825
34.32,0.7311607020390201,0.000009806122253238127,0.2688294918387267
34.33,0.7311318588190115,0.000009804906994641697,0.2688583362739938
34.34,0.731103022746378,0.000009803692224020582,0.268887173561398
34.35,0.7310741938173654,0.00000980247794104092,0.2689160037046936
34.36,0.7310453720282173,0.00000980126414536893,0.26894482670763736
34.37,0.7310165573751938,0.000009800050836671777,0.26897364257396955
34.38,0.7309877498545456,0.000009798838014616342,0.26900245130743977
34.39,0.7309589494625297,0.000009797625678870017,0.2690312529117914
34.4,0.730930153316436,0.000009796413707939828,0.2690600502698561
34.410000000000004,0.7309013671711805,0.000009795202343863733,0.2690888376264757
34.42,0.7308725881433487,0.000009793991465100874,0.26911761786518623
34.43,0.7308438162292079,0.00000979278107131986,0.26914639098972076
34.44,0.7308150514250316,0.000009791571162189718,0.26917515700380623
34.45,0.7307862937270947,0.000009790361737379713,0.26920391591116793
34.46,0.7307575431316771,0.0000097891527965596,0.2692326677155264
34.47,0.7307287996350592,0.00000978794433939923,0.26926141242060136
34.480000000000004,0.7307000632335263,0.000009786736365568916,0.2692901500301081
34.49,0.730671333923365,0.000009785528874739203,0.2693188805477602
34.5,0.730642608828997,0.000009784321745904269,0.26934760684925707
34.51,0.730613893691162,0.000009783115220137018,0.2693763231936178
34.52,0.7305851856335787,0.000009781909176383988,0.26940503245724495
34.53,0.7305564846525462,0.000009780703614317022,0.2694337346438395
34.54,0.7305277907443675,0.000009779498533608295,0.26946242975709894
34.550000000000004,0.730499103905348,0.000009778293933930288,0.26949111780071805
34.56,0.7304704241317902,0.000009777089814955564,0.2695197987783948
34.57,0.7304417514200156,0.00000977588617635763,0.2695484726938081
34.58,0.730413085766333,0.000009774683017809674,0.26957713955064916
34.59,0.7303844271670609,0.000009773480338985495,0.26960579935260015
34.6,0.7303557727537162,0.000009772278019363117,0.26963445496826444
34.61,0.7303271282529301,0.000009771076299056688,0.2696631006707708
34.62,0.7302984907955232,0.000009769875057497048,0.26969173932941926
34.63,0.7302698603778236,0.000009768674294359144,0.26972037094788204
34.64,0.7302412369961636,0.000009767474009318272,0.26974899552982706
34.65,0.7302126206468783,0.00000976627420205004,0.2697776130789196
34.660000000000004,0.7301840113263038,0.000009765074872230285,0.26980622359882395
34.67,0.7301554090307827,0.0000097638760195353,0.2698348270931978
34.68,0.7301268137566579,0.000009762677643641581,0.2698634235656985
34.69,0.7300982255002749,0.00000976147974422593,0.26989201301998084
34.7,0.7300696414002129,0.000009760282201247084,0.26992059831758586
34.71,0.7300410671690675,0.000009759085253866935,0.26994917374567867
34.72,0.7300124999447216,0.000009757888781997203,0.2699777421664964
34.730000000000004,0.7299839397235337,0.000009756692785315959,0.270006303583681
34.74,0.729955386501865,0.00000975549726350159,0.2700348580008715
34.75,0.7299268402760779,0.000009754302216232698,0.27006340542170587
34.76,0.7298983010425409,0.000009753107643188367,0.2700919458498159
34.77,0.7298697687976221,0.00000975191354404779,0.27012047928883387
34.78,0.7298412435376953,0.000009750719918490608,0.2701490057423862
34.79,0.7298127252591354,0.000009749526766196702,0.2701775252140984
34.800000000000004,0.7297842111075411,0.000009748333967602043,0.2702060405584913
34.81,0.7297557067815531,0.000009747141760922962,0.27023454607668596
34.82,0.7297272094260764,0.000009745950026548687,0.27026304462389705
34.83,0.7296987190374981,0.000009744758764160328,0.2702915362037378
34.84,0.7296702356122072,0.000009743567973439292,0.2703200208198193
34.85,0.7296417591465975,0.000009742377654067302,0.2703484984757485
34.86,0.7296132896370651,0.000009741187805726425,0.2703769691751292
34.87,0.7295848270800082,0.000009739998428098962,0.2704054329215637
34.88,0.7295563714718285,0.000009738809520867571,0.2704338897186506
34.89,0.7295279228089298,0.00000973762108371515,0.27046233956998655
34.9,0.7294994782438994,0.000009736432997551908,0.27049078532310306
34.910000000000004,0.7294710434614806,0.000009735245499654349,0.27051922129301975
34.92,0.7294426156135736,0.000009734058470886375,0.2705476503279555
34.93,0.7294141946965927,0.000009732871910932075,0.27057607243149634
34.94,0.7293857807069576,0.000009731685819475902,0.27060448760722294
34.95,0.7293573736410895,0.000009730500196202595,0.27063289585871425
34.96,0.7293289734954119,0.000009729315040797157,0.2706612971895473
34.97,0.729300580266352,0.000009728130352944924,0.27068969160329504
34.980000000000004,0.7292721939503405,0.000009726946132331535,0.2707180791035272
34.99,0.7292438145438098,0.000009725762378642932,0.27074645969381156
35,0.7292154392062906,0.000009724578973259921,0.27077483621473614
35.01,0.7291870736087213,0.000009723396152526444,0.2708032029951262
35.02,0.7291587149099472,0.000009722213797777223,0.270831562876255
35.03,0.7291303631064125,0.000009721031908699431,0.27085991586167874
35.04,0.7291020181945657,0.000009719850484980504,0.27088826195494936
35.050000000000004,0.7290736801708535,0.00000971866952630803,0.2709166011596202
35.06,0.7290453490317301,0.000009717489032370092,0.2709449334792375
35.07,0.7290170247736515,0.000009716309002855003,0.27097325891734564
35.08,0.7289887073930744,0.000009715129437451301,0.27100157747748815
35.09,0.7289603968864616,0.000009713950335847942,0.27102988916320253
35.1,0.7289320904202534,0.000009712771579893337,0.2710581968081667
35.11,0.7289037936516449,0.000009711593405004604,0.27108649475495006
35.12,0.7288755037463988,0.000009710415692984561,0.27111478583790827
35.13,0.7288472207009851,0.000009709238443523169,0.2711430700605714
35.14,0.7288189445118812,0.000009708061656310893,0.2711713474264625
35.15,0.7287906751755642,0.000009706885331038347,0.2711996179391048
35.160000000000004,0.728762412688514,0.00000970570946739645,0.27122788160201855
35.17,0.7287341570472142,0.00000970453406507642,0.2712561384187207
35.18,0.7287059082481506,0.000009703359123769785,0.2712843883927256
35.19,0.7286776662878113,0.000009702184643168325,0.27131263152754553
35.2,0.728649428339515,0.000009701010505585032,0.27134087064997947
35.21,0.7286212000467862,0.000009699836945516514,0.27136910011626825
35.22,0.7285929785822638,0.00000969866384523032,0.271397322753891
35.230000000000004,0.728564763942449,0.000009697491204419405,0.2714255385663466
35.24,0.7285365561238435,0.000009696319022777015,0.27145374755713375
35.25,0.7285083551229521,0.000009695147299996662,0.27148194972974793
35.26,0.7284801609362844,0.000009693976035772246,0.2715101450876798
35.27,0.72845197356035,0.00000969280522979783,0.27153833363442026
35.28,0.7284237929916616,0.00000969163488176778,0.2715665153734566
35.29,0.7283956192267371,0.000009690464991376867,0.2715946903082715
35.300000000000004,0.7283674494457392,0.000009689295441399623,0.27162286125881946
35.31,0.7283392892785805,0.00000968812646541783,0.2716510225949541
35.32,0.7283111359047507,0.000009686957946160937,0.2716791771373031
35.33,0.728282989320776,0.000009685789883324727,0.27170732488934074
35.34,0.7282548495231839,0.000009684622276605235,0.2717354658545395
35.35,0.728226716508513,0.000009683455125699112,0.2717636000363613
35.36,0.7281985902732953,0.000009682288430302901,0.27179172743827446
35.37,0.7281704708140693,0.000009681122190113604,0.2718198480637406
35.38,0.7281423581273752,0.000009679956404828445,0.27184796191622
35.39,0.7281142522097561,0.000009678791074144971,0.2718760689991697
35.4,0.7280861502481829,0.00000967762608129612,0.2719041721257358
35.410000000000004,0.7280580578590333,0.000009676461658955215,0.2719322656793077
35.42,0.7280299722286067,0.000009675297690310328,0.27196035247370304
35.43,0.7280018933534562,0.000009674134175060098,0.2719884325123687
35.44,0.7279738212301391,0.000009672971112903498,0.272016505798748
35.45,0.7279457558552149,0.000009671808503539735,0.27204457233628154
35.46,0.7279176972252471,0.000009670646346668386,0.2720726321284062
35.47,0.7278896453368011,0.000009669484641989285,0.2721006851785569
35.480000000000004,0.7278616001864435,0.000009668323389202381,0.27212873149016725
35.49,0.7278335617707444,0.000009667162588008106,0.2721567710666676
35.5,0.7278055272834457,0.000009666002122094674,0.2721848067144322
35.51,0.7277775023274599,0.000009664842223232942,0.2722128328303169
35.52,0.7277494840958599,0.000009663682775066546,0.272240852221365
35.53,0.7277214725852282,0.000009662523777297012,0.27226886489099444
35.54,0.7276934677921479,0.000009661365229626076,0.27229687084262244
35.550000000000004,0.7276654697132043,0.000009660207131755702,0.2723248700796639
35.56,0.7276374783449888,0.000009659049483388307,0.27235286260552777
35.57,0.727609493684092,0.00000965789228422643,0.27238084842362376
35.58,0.7275815157271088,0.000009656735533972949,0.2724088275373572
35.59,0.7275535444706364,0.000009655579232331012,0.2724367999501313
35.6,0.7275255771151532,0.000009654423263441106,0.27246476846158335
35.61,0.7274976192501725,0.000009653267858177537,0.2724927274819693
35.62,0.72746966807551,0.000009652112900636578,0.2725206798115894
35.63,0.7274417235877729,0.000009650958390522482,0.27254862545383657
35.64,0.7274137857835725,0.000009649804327539771,0.27257656441209993
35.65,0.72738585465952,0.000009648650711393185,0.2726044966897686
35.660000000000004,0.7273579302122322,0.000009647497541787859,0.27263242229022605
35.67,0.7273300124383273,0.000009646344818429132,0.2726603412168543
35.68,0.7273021013344269,0.000009645192541022603,0.2726882534730321
35.69,0.7272741968971539,0.000009644040709274196,0.2727161590621368
35.7,0.7272462963336552,0.000009642889207772319,0.272744060777137
35.71,0.7272184052201842,0.00000964173826650337,0.2727719530415493
35.72,0.7271905207632265,0.000009640587770011821,0.2727998386490034
35.730000000000004,0.7271626429594149,0.000009639437718004634,0.2728277176028671
35.74,0.7271347718053881,0.00000963828811018908,0.2728555899065017
35.75,0.727106907297785,0.000009637138946272725,0.2728834555632687
35.76,0.7270790494332471,0.00000963599022596333,0.27291131457652695
35.77,0.7270511982084195,0.000009634841948968989,0.27293916694963155
35.78,0.7270233536199485,0.000009633694114998015,0.2729670126859365
35.79,0.7269955156644837,0.000009632546723759018,0.2729948517887925
35.800000000000004,0.7269676815558773,0.000009631399660288159,0.27302268704446236
35.81,0.7269398568570483,0.000009630253153684294,0.273050512889798
35.82,0.7269120387811906,0.000009629107088939862,0.27307833211172045
35.83,0.7268842273249638,0.000009627961465764536,0.2731061447135704
35.84,0.7268564224850305,0.000009626816283868274,0.2731339506986857
35.85,0.7268286242580558,0.000009625671542961303,0.2731617500704012
35.86,0.7268008326407069,0.00000962452724275404,0.2731895428320503
35.87,0.7267730476296559,0.000009623383382957433,0.27321732898696116
35.88,0.7267452692215747,0.000009622239963282369,0.27324510853846207
35.89,0.72671749741314,0.000009621096983440223,0.2732728814898766
35.9,0.7266897294248379,0.000009619954328910486,0.2733006506208332
35.910000000000004,0.7266619708063918,0.000009618812227913039,0.2733284103813802
35.92,0.7266342187776319,0.000009617670565883888,0.2733561635518022
35.93,0.726606473335245,0.000009616529342535434,0.27338391013541247
35.94,0.7265787344759198,0.00000961538855758033,0.2734116501355226
35.95,0.7265510021963486,0.000009614248210731526,0.2734393835554407
35.96,0.726523276493223,0.00000961310830170209,0.27346711039847527
35.97,0.7264955573632395,0.000009611968830205475,0.27349483066793034
35.980000000000004,0.7264678448030965,0.000009610829795955364,0.2735225443671076
35.99,0.7264401388094953,0.000009609691198665702,0.273550251499306
36,0.7264124366095224,0.000009608552924256384,0.27357795483755337
36.01,0.7263847437397744,0.000009607415200074183,0.2736056488450256
36.02,0.726357057426686,0.000009606277911995821,0.273633336295402
36.03,0.7263293776669693,0.000009605141059736334,0.273661017191971
36.04,0.7263017044573385,0.000009604004643011007,0.27368869153801845
36.050000000000004,0.7262740377945089,0.000009602868661535325,0.27371635933682953
36.06,0.7262463776752004,0.00000960173311502512,0.27374402059168457
36.07,0.7262187240961335,0.000009600598003196406,0.27377167530586327
36.08,0.7261910770540332,0.000009599463325765542,0.2737993234826411
36.09,0.7261634365456279,0.000009598329082449144,0.2738269651252897
36.1,0.726135799804569,0.000009597195159604626,0.2738546030002714
36.11,0.7261081723543872,0.00000959606178371102,0.2738822315838291
36.12,0.7260805514280925,0.000009594928841083083,0.27390985364306647
36.13,0.7260529370224211,0.000009593796331438419,0.27393746918124745
36.14,0.7260253291341118,0.000009592664254494885,0.27396507820163374
36.15,0.7259977277599055,0.000009591532609970606,0.27399268070748456
36.160000000000004,0.7259701328965454,0.000009590401397583931,0.274020276702057
36.17,0.7259425445407813,0.000009589270617053632,0.2740478661886016
36.18,0.7259149626893606,0.000009588140268098567,0.2740754491703713
36.19,0.725887387339035,0.000009587010350437895,0.27410302565061456
36.2,0.725859815729998,0.000009585880750863918,0.27413059838925113
36.21,0.7258322533727757,0.0000095847516949936,0.2741581618755293
36.22,0.7258046975069179,0.000009583623069576701,0.27418571887001253
36.230000000000004,0.7257771481291848,0.00000958249487433336,0.27421326937594087
36.24,0.7257496052363414,0.000009581367108984068,0.27424081339654965
36.25,0.7257220688251534,0.000009580239773249529,0.2742683509350733
36.26,0.7256945388923927,0.000009579112866850776,0.2742958819947405
36.27,0.7256670154348263,0.000009577986389508864,0.27432340657878423
36.28,0.7256394984492299,0.000009576860340945373,0.27435092469042915
36.29,0.7256119879323802,0.000009575734720882001,0.2743784363328989
36.300000000000004,0.7255844811309737,0.000009574609416542964,0.27440594425960974
36.31,0.7255569835426017,0.00000957348465268882,0.27443344297274563
36.32,0.7255294924133192,0.000009572360316501473,0.2744609352263643
36.33,0.725502007739913,0.00000957123640770368,0.27448842102367926
36.34,0.7254745295191715,0.000009570112926018424,0.2745159003679025
36.35,0.7254470577478865,0.000009568989871168988,0.2745433732622423
36.36,0.7254195924228498,0.000009567867242878819,0.2745708397099073
36.37,0.7253921335408586,0.000009566745040871694,0.2745982997141005
36.38,0.7253646810987099,0.000009565623264871561,0.27462575327802524
36.39,0.7253372350932062,0.000009564501914602765,0.27465320040487917
36.4,0.725309792777515,0.000009563380877718565,0.27468064384160734
36.410000000000004,0.7252823596363537,0.00000956226037812857,0.2747080781032682
36.42,0.7252549329222563,0.000009561140303444254,0.2747355059374403
36.43,0.7252275126320318,0.00000956002065339078,0.27476292734731483
36.44,0.7252000987624924,0.00000955890142769363,0.27479034233607996
36.45,0.7251726913104541,0.000009557782626078593,0.2748177509069198
36.46,0.7251452902727347,0.000009556664248271702,0.27484515306301704
36.47,0.7251178956461531,0.000009555546293999049,0.27487254880755285
36.480000000000004,0.725090507427535,0.000009554428762987414,0.274899938143702
36.49,0.7250631256137027,0.000009553311654963355,0.27492732107464235
36.5,0.7250357474642636,0.000009552194858006539,0.27495470034087843
36.51,0.7250083784511296,0.000009551078595181257,0.2749820704702752
36.52,0.7249810158332722,0.000009549962754525346,0.2750094342039732
36.53,0.7249536596075267,0.000009548847335766575,0.27503679154513755
36.54,0.7249263097707306,0.00000954773233863297,0.2750641424969308
36.550000000000004,0.7248989663197224,0.000009546617762852723,0.27509148706251474
36.56,0.7248716292513443,0.00000954550360815434,0.27511882524504755
36.57,0.7248442985624417,0.000009544389874266576,0.275146157047684
36.58,0.72481697424986,0.000009543276560918386,0.27517348247357903
36.59,0.7247896563104498,0.000009542163667839043,0.2752008015258824
36.6,0.7247623420102237,0.000009541051083531687,0.27522811693869276
36.61,0.7247350368083487,0.000009539939030220618,0.27525542325262103
36.62,0.7247077379702065,0.000009538827396367514,0.27528272320239716
36.63,0.7246804454926558,0.0000095377161817026,0.2753100167911625
36.64,0.7246531593725573,0.0000095366053859563,0.2753373040220568
36.65,0.7246258796067749,0.000009535495008859343,0.2753645848982162
36.660000000000004,0.7245986061921751,0.000009534385050142675,0.2753918594227748
36.67,0.7245713391256254,0.000009533275509537449,0.27541912759886505
36.68,0.7245440784039855,0.000009532166386774744,0.27544638942962774
36.69,0.7245168240241512,0.000009531057681587035,0.2754736449181672
36.7,0.7244895732584986,0.000009529949282897887,0.2755008967922185
36.71,0.7244623315535139,0.000009528841412096997,0.275528139605074
36.72,0.7244350961809559,0.000009527733958067132,0.275555376085086
36.730000000000004,0.7244078671377078,0.00000952662692054096,0.2755826062353717
36.74,0.7243806444206541,0.000009525520299251345,0.27560983005904666
36.75,0.724353428026682,0.000009524414093931424,0.2756370475592241
36.76,0.7243262179526815,0.000009523308304314582,0.2756642587390142
36.77,0.7242990141955434,0.000009522202930134386,0.2756914636015264
36.78,0.7242718167521632,0.000009521097971124724,0.2757186621498656
36.79,0.7242446256194369,0.000009519993427019678,0.27574585438713606
36.800000000000004,0.7242174380760961,0.000009518889187161336,0.2757730430347168
36.81,0.724190259556006,0.000009517785472110138,0.2758002226585219
36.82,0.7241630873372724,0.000009516682171167148,0.27582739598055644
36.83,0.7241359214168035,0.000009515579284067571,0.2758545630039124
36.84,0.7241087617915065,0.000009514476810546625,0.27588172373168296
36.85,0.7240816084582927,0.000009513374750339872,0.2759088781669569
36.86,0.7240544614140731,0.000009512273103183004,0.27593602631282366
36.87,0.7240273206557647,0.000009511171868812064,0.2759631681723665
36.88,0.7240001861802836,0.000009510071046963264,0.27599030374866945
36.89,0.7239730579845508,0.000009508970637373104,0.2760174330448118
36.9,0.7239459333536106,0.000009507870529799146,0.27604455877585965
36.910000000000004,0.7239188177087698,0.000009506770943977797,0.2760716755202863
36.92,0.7238917083344513,0.000009505671769625925,0.27609878599377913
36.93,0.7238646052275827,0.00000950457300648093,0.27612589019941086
36.94,0.7238375083850966,0.000009503474654280502,0.2761529881402491
36.95,0.7238104178039264,0.00000950237671276252,0.2761800798193608
36.96,0.7237833334810083,0.000009501279181665117,0.27620716523981004
36.97,0.7237562554132805,0.000009500182060726653,0.27623424440465877
36.980000000000004,0.7237291835976837,0.00000949908534968573,0.2762613173169666
36.99,0.7237021180311608,0.00000949798904828119,0.27628838397979094
37,0.7236750560050387,0.000009496893046683418,0.27631544710191464
37.01,0.7236480029281264,0.000009495797563809995,0.2763425012743098
37.02,0.7236209560911308,0.000009494702489790852,0.27636954920637946
37.03,0.7235939154910047,0.00000949360782436578,0.2763965909011709
37.04,0.723566881124702,0.000009492513567274773,0.2764236263617307
37.050000000000004,0.7235398529891793,0.000009491419718258071,0.27645065559110243
37.06,0.7235128310813953,0.000009490326277056114,0.27647767859232764
37.07,0.7234858153983117,0.000009489233243409638,0.2765046953684449
37.08,0.7234588059368922,0.000009488140617059574,0.27653170592249077
37.09,0.7234318026941032,0.000009487048397747135,0.276558710257499
37.1,0.7234048029675195,0.000009485956476052715,0.27658571107600444
37.11,0.7233778121535178,0.0000094848650700805,0.2766127029814121
37.12,0.7233508275490571,0.000009483774070370753,0.2766396886768725
37.13,0.7233238491511111,0.000009482683476665514,0.2766666681654122
37.14,0.723296876956659,0.000009481593288707187,0.27669364145005226
37.15,0.72326991096268,0.00000948050350623833,0.27672060853381375
37.160000000000004,0.7232429511661547,0.000009479414129001669,0.27674756941971634
37.17,0.723215997564068,0.000009478325156740262,0.2767745241107753
37.18,0.7231890501534048,0.00000947723658919732,0.276801472610006
37.19,0.7231621089311556,0.000009476148426116374,0.27682841492041826
37.2,0.7231351712011154,0.000009475060558485386,0.27685535373832615
37.21,0.7231082423472844,0.000009473973203600092,0.27688228367951195
37.22,0.7230813196728448,0.000009472886252408517,0.27690920744090275
37.230000000000004,0.7230544031747943,0.000009471799704655068,0.276936125025501
37.24,0.7230274928501328,0.000009470713560084366,0.2769630364363071
37.25,0.7230005886958526,0.000009469627818440905,0.27698994167632895
37.26,0.7229736907089781,0.000009468542479470504,0.27701684074854244
37.27,0.7229467988865037,0.000009467457542918029,0.27704373365595336
37.28,0.7229199132254398,0.000009466373008529075,0.27707062040155167
37.29,0.7228930337227967,0.000009465288876049361,0.27709750098832725
37.300000000000004,0.7228661576885609,0.000009464205036871888,0.2771243781064022
37.31,0.7228392904944168,0.000009463121707488994,0.2771512463838758
37.32,0.7228124294497397,0.000009462038779253965,0.27717810851148106
37.33,0.7227855745515491,0.000009460956251913437,0.27720496449219895
37.34,0.7227587257968664,0.000009459874125214276,0.2772318143290084
37.35,0.7227318831827169,0.00000945879239890365,0.27725865802488425
37.36,0.7227050467061267,0.000009457711072728862,0.2772854955828006
37.37,0.7226782163641243,0.000009456630146437474,0.2773123270057292
37.38,0.7226513921537411,0.000009455549619777286,0.27733915229663914
37.39,0.7226245740720094,0.000009454469492496281,0.27736597145849806
37.4,0.7225977594350765,0.000009453389656389876,0.27739278717526705
37.410000000000004,0.7225709536023691,0.000009452310327152073,0.2774195940873037
37.42,0.7225441538894253,0.000009451231396538793,0.27744639487917816
37.43,0.722517360293288,0.00000945015286429897,0.27747318955384775
37.44,0.7224905728110002,0.000009449074730181704,0.2774999781142697
37.45,0.7224637914396086,0.000009447996993936357,0.2775267605633975
37.46,0.722437016176158,0.00000944691965531234,0.2775535369041867
37.47,0.7224102470177068,0.000009445842714059766,0.2775803071395791
37.480000000000004,0.7223834839613033,0.000009444766169928452,0.2776070712725268
37.49,0.722356727004003,0.000009443690022668689,0.27763382930597436
37.5,0.7223299734680828,0.000009442614164475699,0.2776605839177527
37.51,0.7223032287007727,0.000009441538810250233,0.27768732976041705
37.52,0.7222764900237414,0.000009440463852148217,0.27771406951240646
37.53,0.722249757434057,0.000009439389289920941,0.2777408031766531
37.54,0.7222230309287835,0.000009438315123319693,0.2777675307560932
37.550000000000004,0.7221963105049888,0.000009437241352095922,0.2777942522536591
37.56,0.7221695961597437,0.000009436167976001594,0.27782096767228026
37.57,0.7221428878901203,0.000009435094994788588,0.27784767701488494
37.58,0.7221161856931936,0.000009434022408209172,0.2778743802843982
37.59,0.7220894895660391,0.000009432950216015727,0.2779010774837449
37.6,0.7220627968370341,0.000009431878310800846,0.27792777128465507
37.61,0.7220361128412711,0.000009430806906676992,0.2779544563518222
37.62,0.7220094349065245,0.000009429735896197744,0.27798113535757935
37.63,0.7219827630298731,0.00000942866527911618,0.2780078083048478
37.64,0.7219560972084168,0.000009427595055186323,0.278034475196528
37.65,0.7219294374392385,0.000009426525224161632,0.2780611360355373
37.660000000000004,0.7219027837194314,0.000009425455785796136,0.2780877908247828
37.67,0.721876136046088,0.00000942438673984395,0.27811443956717213
37.68,0.7218494944163052,0.000009423318086059519,0.27814108226560874
37.69,0.7218228588271816,0.000009422249824197457,0.27816771892299424
37.7,0.7217962266131647,0.000009421181847245177,0.27819435220498806
37.71,0.7217696030972648,0.000009420114368531653,0.27822097678836666
37.72,0.721742985613332,0.000009419047281005643,0.2782475953393869
37.730000000000004,0.7217163741584733,0.000009417980584422637,0.27827420786094226
37.74,0.7216897687297966,0.000009416914278538285,0.27830081435592485
37.75,0.7216631693244124,0.000009415848363108476,0.27832741482722445
37.76,0.7216365759394345,0.000009414782837889363,0.2783540092777276
37.77,0.7216099885719787,0.000009413717702637293,0.2783805977103187
37.78,0.7215834072191587,0.00000941265295710868,0.2784071801278842
37.79,0.7215568318781013,0.000009411588601060575,0.27843375653329766
37.800000000000004,0.721530259889292,0.0000094105245278726,0.27846032958618017
37.81,0.7215036965637196,0.000009409460950095267,0.27848689397533033
37.82,0.7214771392412773,0.00000940839776106985,0.2785134523609616
37.83,0.721450587919094,0.00000940733496055402,0.2785400047459454
37.84,0.7214240425942985,0.000009406272548305555,0.2785665511331532
37.85,0.7213975032640232,0.000009405210524082524,0.27859309152545275
37.86,0.7213709699254026,0.000009404148887643164,0.2786196259257097
37.87,0.7213444425755738,0.000009403087638746003,0.2786461543367874
37.88,0.7213179212116752,0.00000940202677714968,0.2786726767615477
37.89,0.7212914058308475,0.000009400966302613151,0.2786991932028499
37.9,0.7212648937795889,0.000009399906108905912,0.27872570631430216
37.910000000000004,0.7212383903569314,0.00000939884640780508,0.2787522107966608
37.92,0.7212118929087785,0.000009397787093041937,0.27877870930412846
37.93,0.7211854014322803,0.000009396728164376233,0.27880520183955537
37.94,0.7211589159245866,0.000009395669621567912,0.27883168840579187
37.95,0.7211324363828522,0.00000939461146437715,0.27885816900568344
37.96,0.721105962804232,0.00000939355369256433,0.27888464364207544
37.97,0.7210794951858827,0.000009392496305889994,0.27891111231781146
37.980000000000004,0.7210530335249646,0.000009391439304114985,0.27893757503573124
37.99,0.7210265778186389,0.000009390382687000268,0.27896403179867413
38,0.7210001254193913,0.000009389326348703013,0.27899048525426
38.01,0.7209736816143392,0.000009388270500231188,0.2790169301151606
38.02,0.7209472437553752,0.000009387215035703862,0.2790433690295891
38.03,0.7209208118396712,0.000009386159954882935,0.27906980200037396
38.04,0.7208943858643985,0.00000938510525753044,0.279096229030344
38.050000000000004,0.7208679658267304,0.000009384050943408599,0.2791226501223262
38.06,0.7208415517238439,0.000009382997012279911,0.27914906527914385
38.07,0.7208151435529171,0.000009381943463907036,0.279175474503619
38.08,0.7207887413111302,0.00000938089029805286,0.2792018777985717
38.09,0.7207623449956645,0.000009379837514480425,0.279228275166821
38.1,0.7207359519649578,0.000009378785007731813,0.2792546692500345
38.11,0.7207095674942838,0.0000093777329880512,0.27928105477272813
38.12,0.7206831889414901,0.000009376681349942793,0.27930743437716
38.13,0.7206568163037679,0.00000937563009317052,0.27933380806613894
38.14,0.7206304495783092,0.000009374579217498531,0.27936017584247325
38.15,0.7206040887623099,0.000009373528722691144,0.27938653770896743
38.160000000000004,0.7205777338529653,0.000009372478608512849,0.2794128936684262
38.17,0.7205513848474743,0.000009371428874728392,0.279439243723651
38.18,0.7205250417430377,0.000009370379521102706,0.27946558787744125
38.19,0.7204987045368567,0.000009369330547400877,0.2794919261325959
38.2,0.7204723705933033,0.000009368281848547957,0.2795182611248482
38.21,0.7204460451758433,0.000009367233634028184,0.27954458759052264
38.22,0.7204197256482608,0.000009366185798728955,0.27957090816594043
38.230000000000004,0.7203934120077672,0.000009365138342416249,0.2795972228538904
38.24,0.7203671042515747,0.000009364091264856197,0.2796235316571605
38.25,0.7203408023768979,0.000009363044565815163,0.27964983457853626
38.26,0.7203145063809562,0.000009361998245059805,0.27967613162079874
38.27,0.7202882162609646,0.000009360952302356724,0.279702422786733
38.28,0.7202619320141467,0.00000935990673747301,0.2797287080791159
38.29,0.7202356536377242,0.000009358861550175786,0.2797549875007256
38.300000000000004,0.7202093785019659,0.000009357816635770332,0.2797812636813984
38.31,0.7201831118585991,0.00000935677220298617,0.27980753136919795
38.32,0.7201568510773096,0.000009355728147091255,0.27983379319454327
38.33,0.7201305961553282,0.000009354684467853532,0.279860049160204
38.34,0.7201043470898887,0.000009353641165041248,0.27988629926894626
38.35,0.7200781038782246,0.00000935259823842272,0.279912543523537
38.36,0.7200518665175745,0.000009351555687766581,0.27993878192673777
38.37,0.7200256350051769,0.00000935051351284159,0.2799650144813102
38.38,0.7199994093382732,0.000009349471713416774,0.27999124119001334
38.39,0.7199731895141059,0.00000934843028926126,0.2800174620556048
38.4,0.7199469729088139,0.000009347389136058299,0.28004367970205
38.410000000000004,0.7199207647624414,0.00000934634846178731,0.28006988888909684
38.42,0.7198945624505468,0.000009345308162094392,0.28009609224129106
38.43,0.7198683659703811,0.000009344268236749536,0.2801222897613822
38.44,0.7198421753191973,0.000009343228685522918,0.28014848145211724
38.45,0.7198159904942503,0.000009342189508184927,0.2801746673162415
38.46,0.7197898114927976,0.000009341150704506157,0.28020084735649786
38.47,0.719763638312098,0.000009340112274257386,0.28022702157562773
38.480000000000004,0.719737470949412,0.000009339074217209557,0.28025318997637083
38.49,0.7197113094020043,0.000009338036533133934,0.2802793525614625
38.5,0.7196851510518558,0.000009336999118089308,0.2803055119490261
38.51,0.7196590011273799,0.000009335962179309527,0.28033166291044076
38.52,0.7196328570099824,0.000009334925612816619,0.2803578080644048
38.53,0.7196067186969326,0.000009333889418382494,0.280383947413649
38.54,0.7195805861855051,0.000009332853595779382,0.2804100809608991
38.550000000000004,0.7195544594729743,0.000009331818144779612,0.280436208708881
38.56,0.7195283385566162,0.00000933078306515573,0.2804623306603186
38.57,0.7195022234337114,0.000009329748356680535,0.28048844681793195
38.58,0.7194761141015389,0.000009328714019126933,0.28051455718444196
38.59,0.7194500105573812,0.00000932768005226806,0.2805406617625665
38.6,0.719423910189037,0.000009326646352536153,0.2805667631646105
38.61,0.7193978182133454,0.000009325613126424036,0.2805928561735282
38.62,0.7193717320175281,0.00000932458027032724,0.28061894340220156
38.63,0.7193456515988765,0.000009323547784019703,0.2806450248533394
38.64,0.7193195769546847,0.000009322515667275614,0.280671100529648
38.65,0.7192935080822436,0.000009321483919869159,0.2806971704338366
38.660000000000004,0.7192674449788515,0.000009320452541574918,0.28072323456860687
38.67,0.7192413876418068,0.000009319421532167587,0.28074929293666107
38.68,0.7192153360684097,0.000009318390891422085,0.2807753455406989
38.69,0.7191892902559622,0.000009317360619113475,0.28080139238341867
38.7,0.7191632475980518,0.000009316330612045087,0.28082743607133615
38.71,0.7191372132999932,0.000009315301075973112,0.2808534713989308
38.72,0.7191111847548024,0.000009314271907664447,0.28087950097328995
38.730000000000004,0.719085161959789,0.000009313243106894957,0.2809055247971041
38.74,0.7190591449122651,0.000009312214673440697,0.2809315428730615
38.75,0.7190331336095452,0.000009311186607077953,0.2809575552038477
38.76,0.7190071280489437,0.000009310158907583097,0.2809835617921487
38.77,0.7189811282277793,0.00000930913157473281,0.281009562640646
38.78,0.7189551341433706,0.000009308104608303888,0.28103555775202105
38.79,0.7189291457930398,0.00000930707800807336,0.28106154712895215
38.800000000000004,0.7189031605761357,0.000009306051671213334,0.2810875333721931
38.81,0.7188771836865064,0.000009305025802748,0.2811135112876908
38.82,0.71885121252293,0.000009304000299813211,0.28113948347677015
38.83,0.7188252470827365,0.000009302975162186769,0.2811654499421013
38.84,0.7187992873632574,0.000009301950389646647,0.28119141068635295
38.85,0.7187733333618256,0.000009300925981971033,0.28121736571219247
38.86,0.7187473850757756,0.000009299901938938241,0.28124331502228544
38.87,0.7187214425024441,0.000009298878260326806,0.2812692586192956
38.88,0.7186955056391711,0.000009297854945915504,0.281295196505883
38.89,0.7186695744832947,0.000009296831995483156,0.2813211286847098
38.9,0.7186436464399002,0.000009295809306568491,0.2813470577507932
38.910000000000004,0.7186177266914208,0.000009294787083468079,0.2813729785214958
38.92,0.7185918126423722,0.000009293765223684534,0.28139889359240416
38.93,0.7185659042901037,0.000009292743726997573,0.2814248029661693
38.94,0.7185400016319655,0.00000929172259318706,0.2814507066454413
38.95,0.7185141046653086,0.000009290701822033,0.28147660463286933
38.96,0.7184882133874875,0.000009289681413315671,0.2815024969310992
38.97,0.7184623277958575,0.000009288661366815461,0.2815283835427757
38.980000000000004,0.718436447887777,0.000009287641682313021,0.28155426447054066
38.99,0.718410573660604,0.000009286622359589098,0.2815801397170364
39,0.7183847025251325,0.000009285603296546751,0.2816060118715709
39.01,0.7183588396524311,0.000009284584696759221,0.2816318757628722
39.02,0.7183329824527289,0.00000928356645809378,0.281657733980813
39.03,0.7183071309233935,0.000009282548580331989,0.28168358652802616
39.04,0.718281285061793,0.000009281531063255549,0.2817094334071437
39.050000000000004,0.7182554448652975,0.000009280513906646348,0.2817352746207959
39.06,0.7182296103312799,0.000009279497110286524,0.2817611101716099
39.07,0.7182037814571166,0.00000927848067395837,0.28178694006220945
39.08,0.7181779582401829,0.000009277464597444388,0.2818127642952196
39.09,0.7181521406778566,0.000009276448880527218,0.28183858287326286
39.1,0.71812632618661,0.000009275433421471898,0.2818643983799685
39.11,0.7181005199262077,0.000009274418423132991,0.28189020565536915
39.12,0.7180747193125597,0.000009273403783739994,0.2819160072836565
39.13,0.718048924343051,0.000009272389503076267,0.2819418032674459
39.14,0.7180231350150695,0.00000927137558092541,0.28196759360934953
39.15,0.7179973513260047,0.000009270362017071207,0.2819933783119782
39.160000000000004,0.7179715732732492,0.000009269348811297612,0.2820191573779395
39.17,0.7179458008541958,0.000009268335963388784,0.28204493080984083
39.18,0.7179200340662387,0.000009267323473129013,0.28207069861028816
39.19,0.717894272906775,0.000009266311340302793,0.2820964607818847
39.2,0.7178685147979319,0.000009265299463535135,0.28212221990260455
39.21,0.7178427648882171,0.000009264288044966029,0.28214797082373794
39.22,0.7178170205991969,0.000009263276983185055,0.28217371612381986
39.230000000000004,0.7177912819282767,0.000009262266277977492,0.28219945580544537
39.24,0.7177655488728624,0.000009261255929128732,0.2822251898712085
39.25,0.717739821430362,0.000009260245936424391,0.2822509183237016
39.26,0.7177140995981853,0.000009259236299650246,0.28227664116551504
39.27,0.717688383373745,0.000009258227018592288,0.28230235839923645
39.28,0.7176626727544525,0.000009257218093036599,0.28232807002745447
39.29,0.7176369677377251,0.000009256209522769573,0.28235377605275214
39.300000000000004,0.7176112657513183,0.000009255201206773927,0.28237947904747496
39.31,0.7175855719325329,0.00000925419334647935,0.2824051738741206
39.32,0.7175598837085683,0.000009253185840833454,0.2824308631055909
39.33,0.7175342010768482,0.000009252178689623269,0.2824565467444622
39.34,0.7175085240347958,0.000009251171892636038,0.28248222479331153
39.35,0.7174828525798395,0.000009250165449659193,0.28250789725471087
39.36,0.7174571867094048,0.00000924915936048029,0.2825335641312347
39.37,0.717431526420924,0.000009248153624887127,0.2825592254254511
39.38,0.7174058717118265,0.000009247148242667634,0.28258488113993085
39.39,0.7173802225795485,0.000009246143213609972,0.2826105312772379
39.4,0.7173545764574478,0.000009245138437052426,0.28263617840411515
39.410000000000004,0.7173289384716706,0.000009244134113718708,0.2826618173942157
39.42,0.7173033060550241,0.00000924313014291224,0.282687450814833
39.43,0.7172776792049459,0.000009242126524421864,0.2827130786685297
39.44,0.7172520579188831,0.000009241123258036595,0.2827387009578588
39.45,0.717226442194277,0.000009240120343545567,0.28276431768537946
39.46,0.7172008320285738,0.000009239117780738336,0.2827899288536455
39.47,0.7171752274192187,0.000009238115569404092,0.2828155344652119
39.480000000000004,0.717149628363692,0.000009237113709333787,0.2828411345225987
39.49,0.717124034859401,0.000009236112200315785,0.28286672902839866
39.5,0.7170984443453026,0.00000923511094204245,0.2828923205437554
39.51,0.7170728619364279,0.00000923411013453546,0.2829179039534375
39.52,0.7170472850711779,0.000009233109677452177,0.2829434818191447
39.53,0.7170217137470016,0.000009232109570583154,0.28296905414342777
39.54,0.7169961479613656,0.0000092311098137192,0.2829946209288207
39.550000000000004,0.7169705877117319,0.000009230110406651281,0.2830201821778614
39.56,0.716945032995562,0.000009229111349170548,0.28304573789308884
39.57,0.7169194838103216,0.000009228112641068341,0.28307128807703735
39.58,0.7168939401534813,0.000009227114282136099,0.28309683273223657
39.59,0.7168684020225088,0.000009226116272165564,0.283122371861219
39.6,0.7168428668618925,0.000009225118511199847,0.28314790801959633
39.61,0.7168173397756241,0.000009224121198563216,0.2831734361031773
39.62,0.716791818207644,0.000009223124234264325,0.2831989586681217
39.63,0.716766302155428,0.00000922212761809553,0.28322447571695386
39.64,0.7167407916164539,0.000009221131349849363,0.2832499872521963
39.65,0.7167152865882025,0.000009220135429318562,0.2832754932763682
39.660000000000004,0.7166897870681562,0.00000921913985629604,0.2833009937919875
39.67,0.716664293053798,0.000009218144630574844,0.28332648880157146
39.68,0.716638804542615,0.000009217149751948248,0.2833519783076331
39.69,0.716613321532092,0.000009216155220209632,0.2833774623126878
39.7,0.7165878414722425,0.00000921516093575141,0.2834029433668217
39.71,0.7165623694560604,0.000009214167097204355,0.28342841637684235
39.72,0.7165369029330112,0.000009213173604926572,0.2834538838933839
39.730000000000004,0.71651144190059,0.00000921218045871215,0.28347934591895124
39.74,0.7164859863562917,0.000009211187658355378,0.28350480245605
39.75,0.7164605362976154,0.000009210195203650705,0.2835302535071809
39.76,0.7164350917220601,0.000009209203094392794,0.2835556990748455
39.77,0.716409652627128,0.00000920821133037642,0.28358113916154165
39.78,0.7163842190103207,0.000009207219911396547,0.28360657376976794
39.79,0.716358790869144,0.000009206228837248319,0.28363200290201873
39.800000000000004,0.7163333656591105,0.000009205238008671317,0.2836574291028808
39.81,0.7163079484622629,0.000009204247623606922,0.2836828472901135
39.82,0.7162825367335703,0.000009203257582760622,0.2837082600088469
39.83,0.7162571304705445,0.000009202267885928227,0.28373366726156957
39.84,0.7162317296706993,0.000009201278532905738,0.2837590690507678
39.85,0.7162063343315491,0.00000920028952348931,0.2837844653789274
39.86,0.7161809444506126,0.000009199300857475312,0.2838098562485299
39.87,0.7161555600254059,0.000009198312534660192,0.2838352416620594
39.88,0.7161301810534517,0.000009197324554840704,0.28386062162199344
39.89,0.7161048075322723,0.00000919633691781367,0.28388599613080984
39.9,0.7160794369228545,0.000009195349524663723,0.2839113677276209
39.910000000000004,0.7160540742963405,0.000009194362572647025,0.2839367313410869
39.92,0.7160287171131777,0.000009193375962814332,0.28396208951085944
39.93,0.7160033653708949,0.000009192389694963144,0.2839874422394101
39.94,0.7159780190670219,0.000009191403768891137,0.2840127895292093
39.95,0.7159526781990929,0.000009190418184396223,0.28403813138272266
39.96,0.7159273427646415,0.000009189432941276423,0.2840634678024172
39.97,0.7159020127612039,0.000009188448039329918,0.28408879879075677
39.980000000000004,0.7158766881863177,0.000009187463478355111,0.284114124350204
39.99,0.715851369037522,0.000009186479258150479,0.28413944448321987
40,0.7158260527812582,0.0000091854952801439,0.28416476172346167
40.01,0.7158007444778116,0.000009184511740910046,0.28419007101044746
40.02,0.7157754415930853,0.000009183528541843013,0.2842153748783729
40.03,0.7157501441246237,0.000009182545682741993,0.2842406733296936
40.04,0.7157248520699759,0.000009181563163406346,0.28426596636686063
40.050000000000004,0.7156995654266906,0.000009180580983635682,0.2842912539923258
40.06,0.715674284192321,0.000009179599143229583,0.28431653620853575
40.07,0.7156490083644186,0.000009178617641988084,0.2843418130179394
40.08,0.7156237379405389,0.000009177636479711016,0.28436708442298136
40.09,0.7155984729182386,0.000009176655656198804,0.28439235042610517
40.1,0.7155732107693824,0.000009175675073220141,0.28441761355554435
40.11,0.7155479565434558,0.0000091746949266726,0.2844428687616175
40.12,0.7155227077117868,0.00000917371511829139,0.2844681185730949
40.13,0.7154974642719403,0.000009172735647877407,0.28449336299241185
40.14,0.7154722262214799,0.000009171756515231713,0.2845186020220049
40.15,0.7154469935579734,0.000009170777720155453,0.28454383566430647
40.160000000000004,0.7154217662789889,0.000009169799262450057,0.28456906392174863
40.17,0.715396544382096,0.000009168821141917025,0.2845942867967621
40.18,0.7153713278648659,0.000009167843358358005,0.28461950429177574
40.19,0.7153461167248739,0.00000916686591157495,0.2846447164092145
40.2,0.7153209084393851,0.000009165888703675621,0.2846699256719112
40.21,0.7152957080471303,0.000009164911929884244,0.28469512704093985
40.22,0.715270513024843,0.000009163935492275352,0.2847203230396647
40.230000000000004,0.7152453233701027,0.000009162959390651422,0.28474551367050666
40.24,0.7152201390804912,0.000009161983624815154,0.28477069893588397
40.25,0.7151949601535923,0.000009161008194569375,0.2847958788382131
40.26,0.7151697865869918,0.000009160033099717154,0.2848210533799085
40.27,0.7151446183782754,0.000009159058340061584,0.2848462225633846
40.28,0.7151194555250309,0.000009158083915405985,0.28487138639105375
40.29,0.7150942980248501,0.000009157109825553907,0.2848965448653243
40.300000000000004,0.7150691433603771,0.000009156135972950198,0.28492170050364996
40.31,0.7150439965596342,0.000009155162552149688,0.2849468482778136
40.32,0.7150188551047316,0.000009154189465564002,0.2849719907058028
40.33,0.7149937189932724,0.000009153216712997515,0.2849971277900146
40.34,0.7149685882228514,0.000009152244294254408,0.28502225953285437
40.35,0.7149434627910698,0.000009151272209139184,0.2850473859367211
40.36,0.7149183426955283,0.000009150300457456421,0.2850725070040142
40.37,0.7148932279338314,0.000009149329039010953,0.28509762273712963
40.38,0.7148681185035825,0.000009148357953607679,0.2851227331384639
40.39,0.7148430144023892,0.000009147387201051718,0.2851478382104098
40.4,0.7148179131182499,0.00000914641668412304,0.2851729404650659
40.410000000000004,0.7147928196685285,0.000009145446596711008,0.28519803488487483
40.42,0.7147677315406928,0.000009144476841562598,0.2852231239824656
40.43,0.7147426487323564,0.000009143507418483552,0.28524820776022514
40.44,0.7147175712411341,0.00000914253832727981,0.2852732862205386
40.45,0.7146924990646426,0.000009141569567757414,0.2852983593657896
40.46,0.7146674322005003,0.000009140601139722609,0.28532342719835996
40.47,0.7146423706463273,0.000009139633042981838,0.2853484897206297
40.480000000000004,0.7146173143997436,0.000009138665277341539,0.285373546934979
40.49,0.7145922634583738,0.000009137697842608505,0.2853985988437836
40.5,0.7145672153155433,0.0000091367306418957,0.28542364795381475
40.51,0.7145421749780073,0.000009135763868430995,0.2854486892581243
40.52,0.7145171399385638,0.00000913479742529461,0.2854737252640109
40.53,0.7144921101948429,0.000009133831312293892,0.2854987559738448
40.54,0.7144670857444764,0.000009132865529236361,0.2855237813899944
40.550000000000004,0.7144420665850963,0.000009131900075929665,0.2855488015148277
40.56,0.7144170527143399,0.000009130934952181702,0.28557381635070794
40.57,0.7143920441298391,0.00000912997015780032,0.2855988259000031
40.58,0.714367040829234,0.000009129005692593722,0.2856238301650734
40.59,0.7143420428101646,0.000009128041556370215,0.28564882914827905
40.6,0.7143170475712604,0.000009127077652573908,0.2856738253510871
40.61,0.7142920601087134,0.000009126114173774913,0.28569881377711287
40.62,0.7142670779206292,0.00000912515102338481,0.2857237969283475
40.63,0.7142421010046542,0.000009124188201212524,0.28574877480714456
40.64,0.7142171293584356,0.000009123225707067139,0.2857737474158573
40.65,0.7141921629796231,0.000009122263540757896,0.28579871475683616
40.660000000000004,0.7141672018658672,0.000009121301702094193,0.28582367683243065
40.67,0.7141422460148201,0.000009120340190885555,0.28584863364498897
40.68,0.7141172954241379,0.000009119379006941783,0.28587358519685513
40.69,0.7140923500914723,0.000009118418150072586,0.2858985314903776
40.7,0.7140674075207375,0.000009117457524051391,0.2859234750217384
40.71,0.7140424726976083,0.000009116497320794391,0.2859484108050709
40.72,0.7140175431254734,0.000009115537444042524,0.2859733413370826
40.730000000000004,0.7139926188019952,0.000009114577893606288,0.28599826662011124
40.74,0.7139676997248373,0.000009113618669296322,0.2860231866564934
40.75,0.7139427858916666,0.000009112659770923484,0.28604810144856246
40.76,0.7139178773001476,0.000009111701198298626,0.2860730109986542
40.77,0.7138929739479499,0.000009110742951232918,0.28609791530909884
40.78,0.7138680758327431,0.00000910978502953759,0.2861228143822273
40.79,0.7138431829521988,0.000009108827433024056,0.2861477082203681
40.800000000000004,0.7138182928154863,0.000009107870065792946,0.28617259931444794
40.81,0.713793410397811,0.00000910691311911031,0.2861974826890699
40.82,0.7137685332078227,0.000009105956497044638,0.2862223608356802
40.83,0.7137436612432014,0.00000910500019940803,0.28624723375659916
40.84,0.7137187945016221,0.000009104044226012478,0.2862721014541519
40.85,0.7136939329807682,0.000009103088576670415,0.2862969639306551
40.86,0.7136690766783222,0.000009102133251194321,0.2863218211884266
40.87,0.7136442255919695,0.000009101178249396871,0.28634667322978113
40.88,0.7136193797193943,0.000009100223571090807,0.28637152005703465
40.89,0.7135945390582834,0.000009099269216089057,0.2863963616725005
40.9,0.713569701123044,0.000009098315088817786,0.2864212005618672
40.910000000000004,0.7135448708784554,0.000009097361379896546,0.2864460317601647
40.92,0.713520045838402,0.000009096407993719327,0.28647085775360426
40.93,0.7134952260005816,0.000009095454930099822,0.2864956785444883
40.94,0.7134704113626879,0.0000090945021888517,0.2865204941351233
40.95,0.7134456019224177,0.000009093549769788814,0.2865453045278125
40.96,0.7134207976774685,0.000009092597672725115,0.2865701097248588
40.97,0.7133959986255412,0.000009091645897474836,0.2865949097285614
40.980000000000004,0.7133712047643368,0.000009090694443852242,0.2866197045412194
40.99,0.7133464160915592,0.000009089743311671842,0.2866444941651291
41,0.7133216301268238,0.000009088792405683196,0.2866692810807705
41.01,0.7132968518245335,0.000009087841915863251,0.2866940603335506
41.02,0.7132720787037911,0.000009086891746929856,0.286718834404462
41.03,0.7132473107622999,0.000009085941898697887,0.28674360329580145
41.04,0.7132225479977746,0.000009084992370982662,0.2867683670098544
41.050000000000004,0.7131977904079267,0.000009084043163599529,0.2867931255489097
41.06,0.7131730379904714,0.000009083094276364035,0.28681787891525223
41.07,0.7131482907431237,0.00000908214570909187,0.2868426271111672
41.08,0.7131235486636001,0.000009081197461598777,0.2868673701389383
41.09,0.7130988117496208,0.00000908024953370081,0.2868921080008455
41.1,0.7130740775259874,0.000009079301830469122,0.28691684317218213
41.11,0.7130493509367729,0.000009078354541241717,0.28694157070868587
41.12,0.7130246295062659,0.000009077407571058124,0.28696629308616306
41.13,0.7129999132321945,0.000009076460919735045,0.2869910103068858
41.14,0.7129752021122815,0.000009075514587089045,0.28701572237313144
41.15,0.7129504961442565,0.000009074568572937047,0.2870404292871705
41.160000000000004,0.712925795325849,0.000009073622877096065,0.2870651310512739
41.17,0.7129010996547895,0.000009072677499383237,0.2870898276677111
41.18,0.7128764091288101,0.000009071732439615831,0.28711451913875025
41.19,0.7128517237456464,0.000009070787697611381,0.28713920546665594
41.2,0.7128270410352675,0.000009069843178760945,0.2871638891215537
41.21,0.712802365931457,0.000009068899071767058,0.2871885651694713
41.22,0.7127776959636721,0.0000090679552819893,0.2872132360810459
41.230000000000004,0.7127530311296548,0.000009067011809245776,0.2872379018585359
41.24,0.712728371427146,0.000009066068653354637,0.2872625625042007
41.25,0.7127037168538887,0.000009065125814134224,0.2872872180202972
41.26,0.7126790674076287,0.000009064183291403041,0.28731186840907996
41.27,0.7126544230861134,0.000009063241084979806,0.28733651367280166
41.28,0.7126297838870866,0.000009062299194683085,0.2873611538137187
41.29,0.7126051498082999,0.000009061357620331911,0.2873857888340797
41.300000000000004,0.712580518384864,0.00000906041626763529,0.28741042119886834
41.31,0.7125558945403231,0.000009059475324664119,0.28743504598435227
41.32,0.7125312758092792,0.000009058534697096126,0.2874596656560237
41.33,0.7125066621894885,0.00000905759438475085,0.2874842802161267
41.34,0.7124820536787079,0.000009056654387447925,0.2875088896669047
41.35,0.7124574502746945,0.000009055714705007132,0.28753349401060047
41.36,0.7124328519752096,0.00000905477533724842,0.2875580932494532
41.37,0.7124082587780142,0.000009053836283991905,0.28758268738570186
41.38,0.7123836706808715,0.000009052897545057808,0.28760727642158346
41.39,0.7123590876815464,0.000009051959120266529,0.2876318603593333
41.4,0.7123345073202686,0.00000905102091564318,0.28765644165881576
41.410000000000004,0.7123099345103858,0.000009050083118630568,0.28768101540649554
41.42,0.7122853667916229,0.000009049145635222766,0.2877055840627419
41.43,0.712260804161751,0.000009048208465240726,0.2877301476297838
41.44,0.7122362466185408,0.000009047271608505543,0.2877547061098507
41.45,0.7122116941597662,0.000009046335064838457,0.287779259505169
41.46,0.7121871467832018,0.00000904539883406085,0.2878038078179641
41.47,0.7121626044866248,0.00000904446291599428,0.2878283510504592
41.480000000000004,0.7121380672678138,0.000009043527310460434,0.28785288920487573
41.49,0.7121135351245454,0.000009042592017281048,0.28787742228343727
41.5,0.7120890056021514,0.000009041656942795727,0.2879019527409058
41.51,0.7120644836038263,0.000009040722273822706,0.28792647567389984
41.52,0.7120399666743923,0.00000903978791667048,0.28795099353769105
41.53,0.7120154548116365,0.000009038853871161508,0.2879755063344923
41.54,0.7119909480133452,0.000009037920137118302,0.2880000140665177
41.550000000000004,0.7119664462773069,0.000009036986714363535,0.2880245167359788
41.56,0.7119419496013115,0.000009036053602720049,0.2880490143450858
41.57,0.7119174579831502,0.00000903512080201077,0.28807350689604777
41.58,0.7118929714206168,0.000009034188312058865,0.28809799439107114
41.59,0.7118684899115046,0.000009033256132687494,0.2881224768323627
41.6,0.711844011006217,0.00000903232417054875,0.2881469566696125
41.61,0.7118195395978402,0.00000903139261183987,0.288171429009548
41.62,0.7117950732362853,0.000009030461363182399,0.2881958963023515
41.63,0.7117706119193379,0.000009029530424399683,0.2882203585502377
41.64,0.7117461556448055,0.000009028599795315888,0.28824481575539923
41.65,0.7117217044104921,0.000009027669475755123,0.28826926792003216
41.660000000000004,0.7116972582142022,0.000009026739465541623,0.2882937150463323
41.67,0.7116728170537411,0.000009025809764499731,0.28831815713649445
41.68,0.7116483809269182,0.000009024880372454037,0.28834259419270936
41.69,0.7116239498315414,0.000009023951289229145,0.28836702621716936
41.7,0.7115995213230661,0.000009023022421787828,0.2883914556545121
41.71,0.7115751002845173,0.000009022093955709926,0.288415877621527
41.72,0.7115506842708511,0.000009021165797927654,0.28844029456335096
41.730000000000004,0.7115262732798827,0.000009020237948266232,0.28846470648216904
41.74,0.7115018673094275,0.000009019310406551004,0.2884891133801659
41.75,0.7114774663573037,0.000009018383172607453,0.2885135152595237
41.76,0.71145307042133,0.000009017456246261217,0.28853791212242375
41.77,0.7114286794993271,0.000009016529627338037,0.2885623039710456
41.78,0.7114042935891196,0.000009015603315663954,0.2885866908075647
41.79,0.71137991268853,0.000009014677311064956,0.28861107263415897
41.800000000000004,0.7113555343580443,0.000009013751520812817,0.2886354518904349
41.81,0.7113311634706666,0.000009012826129873347,0.28865982370320353
41.82,0.7113067975863868,0.000009011901045487963,0.2886841905125677
41.83,0.7112824367030333,0.000009010976267483238,0.28870855232069925
41.84,0.7112580808184376,0.000009010051795685937,0.28873290912976673
41.85,0.7112337299304332,0.000009009127629922999,0.2887572609419369
41.86,0.7112093840368515,0.000009008203770021345,0.28878160775937844
41.87,0.711185043135529,0.000009007280215808192,0.2888059495842552
41.88,0.711160707224303,0.000009006356967110854,0.2888302864187299
41.89,0.7111363763010108,0.000009005434023756741,0.28885461826496545
41.9,0.7111120479311477,0.000009004511293324879,0.288878947557559
41.910000000000004,0.7110877269777416,0.000009003588960170542,0.28890326943329825
41.92,0.7110634110057932,0.000009002666931842624,0.288927586327275
41.93,0.7110391000131454,0.000009001745208169035,0.2889518982416464
41.94,0.7110147939976458,0.000009000823788977965,0.28897620517856526
41.95,0.7109904929571377,0.000008999902674097573,0.2890005071401882
41.96,0.7109661968894704,0.000008998981863356288,0.28902480412866627
41.97,0.7109419057924952,0.000008998061356582706,0.28904909614614827
41.980000000000004,0.7109176196640625,0.000008997141153605474,0.2890733831947839
41.99,0.7108933385020233,0.000008996221254253342,0.2890976652767224
42,0.7108690598768611,0.000008995301566410869,0.2891219448215725
42.01,0.7108447886416703,0.00000899438227382629,0.28914621697605586
42.02,0.7108205223664406,0.000008993463284354093,0.2891704841702751
42.03,0.7107962610490297,0.000008992544597823604,0.2891947464063725
42.04,0.7107720046872964,0.000008991626214064286,0.28921900368648956
42.050000000000004,0.7107477532791018,0.000008990708132905753,0.2892432560127653
42.06,0.7107235068223098,0.000008989790354177834,0.28926750338733603
42.07,0.710699265314783,0.00000898887287771034,0.2892917458123393
42.08,0.710675028754387,0.000008987955703333333,0.28931598328990965
42.09,0.7106507971389887,0.000008987038830876969,0.2893402158221804
42.1,0.7106265680440361,0.000008986122168529562,0.28936444583379534
42.11,0.7106023463127336,0.000008985205899435688,0.289388668481367
42.12,0.7105781295200366,0.000008984289931753714,0.28941288619003164
42.13,0.7105539176638203,0.000008983374265314448,0.28943709896191444
42.14,0.7105297107419563,0.000008982458899948621,0.2894613067991438
42.15,0.7105055087523173,0.000008981543835487153,0.2894855097038472
42.160000000000004,0.7104813116927825,0.000008980629071761185,0.2895097076781457
42.17,0.7104571195612293,0.000008979714608601965,0.28953390072416213
42.18,0.7104329323555376,0.00000897880044584087,0.28955808884401657
42.19,0.7104087500735884,0.000008977886583309408,0.2895822720398283
42.2,0.710384570295773,0.00000897697292949794,0.28960645273129754
42.21,0.710360397855448,0.000008976059666950749,0.28963062608488505
42.22,0.7103362303325159,0.000008975146704128471,0.28965479452077997
42.230000000000004,0.7103120677248618,0.000008974234040863091,0.2896789580410974
42.24,0.7102879100303755,0.000008973321676986862,0.2897031166479475
42.25,0.7102637572469455,0.000008972409612332047,0.2897272703434422
42.26,0.7102396093724618,0.000008971497846731064,0.2897514191296915
42.27,0.7102154664048159,0.00000897058638001645,0.2897755630088041
42.28,0.7101913283419026,0.000008969675212020959,0.2897997019828854
42.29,0.7101671951816159,0.000008968764342577393,0.28982383605404155
42.300000000000004,0.710143064509271,0.000008967853680476524,0.2898479676370485
42.31,0.7101189411484176,0.000008966943407665654,0.28987209190817476
42.32,0.7100948226838832,0.000008966033432905973,0.28989621128268384
42.33,0.7100707091135683,0.000008965123756030836,0.2899203257626757
42.34,0.7100466004353747,0.000008964214376873742,0.28994443535024844
42.35,0.7100224966472055,0.000008963305295268306,0.2899685400474992
42.36,0.7099983977469644,0.00000896239651104825,0.28999263985652457
42.37,0.7099743037325577,0.000008961488024047473,0.2900167347794183
42.38,0.7099502146018928,0.000008960579834099989,0.2900408248182731
42.39,0.7099261303528781,0.000008959671941039944,0.29006490997518086
42.4,0.7099020485757301,0.000008958764253956793,0.2900889926600159
42.410000000000004,0.7098779740842338,0.000008957856954204125,0.290113068058812
42.42,0.7098539044681201,0.000008956949950842101,0.290137138581929
42.43,0.7098298397253067,0.000008956043243705426,0.29016120423144964
42.44,0.7098057798537064,0.000008955136832628813,0.29018526500946096
42.45,0.709781724851237,0.000008954230717447227,0.2902093209180455
42.46,0.7097576747158157,0.000008953324897995682,0.2902333719592863
42.47,0.7097336294453629,0.000008952419374109399,0.290257418135263
42.480000000000004,0.7097095890377989,0.00000895151414562366,0.29028145944805545
42.49,0.7096855534910466,0.000008950609212373925,0.2903054958997411
42.5,0.7096615204002064,0.000008949704483746804,0.2903295298953099
42.51,0.709637494569334,0.000008948800140505386,0.2903535566305255
42.52,0.7096134735930484,0.000008947896092007055,0.2903775785108596
42.53,0.7095894574692765,0.000008946992338087775,0.2904015955383854
42.54,0.7095654461959477,0.00000894608887858362,0.2904256077151737
42.550000000000004,0.7095414397709925,0.000008945185713330803,0.2904496150432942
42.56,0.7095174381923426,0.00000894428284216568,0.29047361752481526
42.57,0.7094934414579306,0.000008943380264924708,0.2904976151618045
42.58,0.7094694495656924,0.000008942477981444521,0.2905216079563262
42.59,0.709445462513563,0.000008941575991561831,0.29054559591044543
42.6,0.7094214779015006,0.000008940674204958525,0.29056958142429445
42.61,0.7093975005238862,0.000008939772801810862,0.290593559703312
42.62,0.709373527980195,0.00000893887169177159,0.29061753314811317
42.63,0.7093495602683703,0.000008937970874678018,0.29064150176075504
42.64,0.7093255973863537,0.00000893707035036748,0.2906654655432959
42.65,0.7093016393320917,0.000008936170118677546,0.2906894244977897
42.660000000000004,0.7092776861035252,0.000008935270179445712,0.2907133786262954
42.67,0.7092537376986034,0.000008934370532509797,0.29073732793086404
42.68,0.709229794115274,0.000008933471177707664,0.2907612724135483
42.69,0.7092058553514865,0.000008932572114877339,0.2907852120763986
42.7,0.7091819190120369,0.00000893167325399439,0.29080914931470914
42.71,0.7091579898816672,0.0000089307747746513,0.2908330793435581
42.72,0.7091340655646953,0.000008929876586794764,0.29085700455871794
42.730000000000004,0.7091101460590741,0.000008928978690263212,0.29088092496223567
42.74,0.7090862313627629,0.000008928081084895422,0.2909048405561522
42.75,0.7090623214737175,0.000008927183770530085,0.29092875134251195
42.76,0.7090384163898967,0.000008926286747006098,0.2909526573233563
42.77,0.7090145161092604,0.00000892539001416247,0.29097655850072546
42.78,0.708990620629771,0.000008924493571838363,0.29100045487665716
42.79,0.7089667299493888,0.00000892359741987297,0.2910243464531913
42.800000000000004,0.7089428416777309,0.000008922701468534062,0.29104823562080057
42.81,0.7089189605899375,0.00000892180589683344,0.2910721176041656
42.82,0.70889508429515,0.000008920910615010157,0.291095994794235
42.83,0.7088712127913339,0.000008920015622903895,0.29111986719304317
42.84,0.7088473460764607,0.000008919120920354622,0.2911437348026189
42.85,0.7088234841484999,0.00000891822650720231,0.29116759762499284
42.86,0.7087996270054231,0.000008917332383287087,0.2911914556621936
42.87,0.7087757746452036,0.000008916438548449218,0.291215308916248
42.88,0.7087519270658171,0.000008915545002529131,0.2912391573891803
42.89,0.7087280842652387,0.000008914651745367308,0.29126300108301595
42.9,0.7087042438578831,0.000008913758687521992,0.2912868423834294
42.910000000000004,0.7086804106093322,0.000008912866007427608,0.2913106765246604
42.92,0.708656582133525,0.000008911973615613766,0.29133450589285936
42.93,0.7086327584284434,0.000008911081511921478,0.29135833049004467
42.94,0.7086089394920685,0.000008910189696191875,0.29138215031823533
42.95,0.708585125322385,0.000008909298168266203,0.2914059653794467
42.96,0.7085613159173777,0.000008908406927985855,0.29142977567569434
42.97,0.7085375112750342,0.000008907515975192327,0.2914535812089906
42.980000000000004,0.7085137113933402,0.00000890662530972721,0.2914773819813501
42.99,0.7084899162702887,0.000008905734931432465,0.29150117799477987
43,0.7084661235250663,0.000008904844751154922,0.29152497163018254
43.01,0.7084423379137398,0.000008903954946754892,0.2915487581313135
43.02,0.7084185570550277,0.000008903065429051023,0.2915725398795433
43.03,0.7083947809469245,0.000008902176197885576,0.2915963168768776
43.04,0.7083710095874259,0.000008901287253100929,0.29162008912532095
43.050000000000004,0.708347242974529,0.00000890039859453956,0.2916438566268765
43.06,0.7083234811062306,0.000008899510222044048,0.2916676193835474
43.07,0.7082997239805311,0.000008898622135457123,0.2916913773973335
43.08,0.7082759715954313,0.000008897734334621666,0.2917151306702341
43.09,0.7082522239489336,0.000008896846819380656,0.291738879204247
43.1,0.7082284786649872,0.000008895959500868471,0.29176262537551195
43.11,0.7082047404901776,0.000008895072556374254,0.2917863644372661
43.12,0.7081810070479828,0.00000889418589700408,0.2918100987661202
43.13,0.7081572783364125,0.000008893299522601489,0.2918338283640649
43.14,0.7081335543534726,0.000008892413433009989,0.2918575532330944
43.15,0.7081098350971731,0.000008891527628073289,0.29188127337519887
43.160000000000004,0.7080861205655253,0.000008890642107635196,0.29190498879236704
43.17,0.708062410756543,0.000008889756871539727,0.2919286994865855
43.18,0.7080387056682382,0.000008888871919630885,0.29195240545984213
43.19,0.7080150052986274,0.000008887987251752891,0.2919761067141209
43.2,0.7079913072763953,0.000008887102779325784,0.29199980562082545
43.21,0.7079676163386918,0.000008886218679070858,0.2920234974426292
43.22,0.7079439301137336,0.000008885334862380018,0.29204718455140405
43.230000000000004,0.707920248599542,0.000008884451329097986,0.292070866949129
43.24,0.7078965717941366,0.000008883568079069467,0.2920945446377844
43.25,0.7078728996955407,0.000008882685112139415,0.2921182176193472
43.26,0.7078492323017768,0.000008881802428152794,0.2921418858957951
43.27,0.7078255696108724,0.000008880920026954836,0.29216554946910067
43.28,0.7078019116208533,0.000008880037908390797,0.29218920834123835
43.29,0.7077782583297452,0.00000887915607230593,0.29221286251418255
43.300000000000004,0.7077546073709564,0.000008878274430404684,0.2922365143546132
43.31,0.7077309634722337,0.000008877393158843338,0.2922601591346074
43.32,0.7077073242665143,0.000008876512169298127,0.2922837992213164
43.33,0.7076836897518315,0.000008875631461614931,0.2923074346167069
43.34,0.7076600599262194,0.00000887475103563973,0.292331065322745
43.35,0.7076364347877124,0.000008873870891218588,0.29235469134139636
43.36,0.7076128143343472,0.00000887299102819773,0.2923783126746246
43.37,0.707589198564163,0.00000887211144642354,0.2924019293243906
43.38,0.7075655874751978,0.000008871232145742437,0.2924255412926564
43.39,0.707541981065492,0.000008870353126000984,0.29244914858138193
43.4,0.7075183769731486,0.000008869474299186056,0.29247275355255226
43.410000000000004,0.7074947799165577,0.000008868595840892255,0.2924963514876014
43.42,0.7074711875333534,0.00000886771766307847,0.2925199447489836
43.43,0.7074475998215831,0.00000886683976559183,0.2925435333386513
43.44,0.7074240167792937,0.000008865962148279486,0.29256711725855805
43.45,0.7074004384045322,0.000008865084810988704,0.29259069651065683
43.46,0.7073768646953487,0.000008864207753566903,0.29261427109689775
43.47,0.7073532956497934,0.000008863330975861597,0.2926378410192307
43.480000000000004,0.7073297312659175,0.00000886245447772039,0.2926614062796048
43.49,0.7073061715417737,0.000008861578258991032,0.29268496687996737
43.5,0.7072826141201426,0.00000886070223194142,0.29270852517762547
43.51,0.7072590637100935,0.000008859826571607393,0.2927320764633349
43.52,0.7072355179539435,0.000008858951190229189,0.2927556230948663
43.53,0.7072119768497506,0.000008858076087655013,0.2927791650741618
43.54,0.7071884403955728,0.000008857201263733161,0.2928027024031634
43.550000000000004,0.707164908589473,0.000008856326718312164,0.2928262350838087
43.56,0.707141381429511,0.00000885545245124052,0.2928497631180378
43.57,0.70711785891375,0.000008854578462366927,0.2928732865077876
43.58,0.7070943410402539,0.000008853704751540161,0.2928968052549945
43.59,0.7070708278070884,0.000008852831318609162,0.29292031936159296
43.6,0.7070473168616928,0.000008851958076121322,0.29294383118023115
43.61,0.7070238129038527,0.000008851085198556776,0.2929673360109487
43.62,0.7070003135805477,0.000008850212598435448,0.29299083620685384
43.63,0.7069768188898471,0.000008849340275606679,0.2930143317698773
43.64,0.7069533288298229,0.000008848468229919974,0.2930378227019472
43.65,0.7069298433985469,0.00000884759646122492,0.29306130900499183
43.660000000000004,0.706906362594098,0.000008846724969371358,0.2930847906809326
43.67,0.7068828864145434,0.000008845853754208913,0.29310826773170234
43.68,0.7068594148579638,0.000008844982815587616,0.2931317401592206
43.69,0.7068359479224371,0.00000884411215335759,0.29315520796540956
43.7,0.706812483260041,0.000008843241680344186,0.2931786734982787
43.71,0.7067890255613182,0.000008842371570474863,0.2932021320671114
43.72,0.7067655724778895,0.000008841501736547699,0.29322558602037396
43.730000000000004,0.7067421240078361,0.000008840632178413157,0.2932490353599855
43.74,0.7067186801492418,0.000008839762895921879,0.29327248008786233
43.75,0.7066952409001923,0.000008838893888924642,0.29329592020591877
43.76,0.7066718062587735,0.000008838025157272281,0.29331935571606926
43.77,0.7066483762230734,0.000008837156700815826,0.2933427866202258
43.78,0.7066249507911814,0.000008836288519406372,0.29336621292029924
43.79,0.706601529961186,0.000008835420612895078,0.2933896346182011
43.800000000000004,0.7065781113897859,0.000008834552894383853,0.2934130540573197
43.81,0.7065546997583197,0.000008833685537250468,0.293436466556143
43.82,0.7065312927230282,0.00000883281845456957,0.29345987445851723
43.83,0.7065078902820029,0.000008831951646192715,0.2934832777663509
43.84,0.706484492433346,0.000008831085111971887,0.29350667648154205
43.85,0.706461099175152,0.000008830218851758878,0.29353007060599623
43.86,0.7064377105055186,0.000008829352865405659,0.293553460141616
43.87,0.7064143264225459,0.000008828487152764353,0.29357684509030135
43.88,0.7063909469243347,0.000008827621713687197,0.29360022545395165
43.89,0.706367572008988,0.000008826756548026557,0.29362360123446396
43.9,0.7063441993378036,0.000008825891569159257,0.2936469747706273
43.910000000000004,0.7063208335829527,0.000008825026949916336,0.29367034139009734
43.92,0.7062974724052794,0.00000882416260364759,0.2936937034321169
43.93,0.7062741158028909,0.000008823298530205815,0.2937170608985789
43.94,0.7062507637738918,0.000008822434729443832,0.2937404137913787
43.95,0.7062274163163945,0.000008821571201214658,0.2937637621124043
43.96,0.7062040734285123,0.000008820707945371603,0.2937871058635423
43.97,0.7061807351083534,0.00000881984496176777,0.2938104450466848
43.980000000000004,0.7061574013540317,0.000008818982250256508,0.29383377966371804
43.99,0.706134072163661,0.000008818119810691281,0.29385710971652834
44,0.7061107452031218,0.000008817257556722464,0.29388043753932147
44.01,0.7060874251354572,0.000008816395660637322,0.29390375846888217
44.02,0.7060641096260925,0.000008815534036059218,0.2939270748398715
44.03,0.706040798673146,0.000008814672682842043,0.2939503866541712
44.04,0.7060174922747412,0.00000881381160083994,0.29397369391365796
44.050000000000004,0.7059941904289971,0.000008812950789906887,0.29399699662021295
44.06,0.7059708931340366,0.000008812090249897228,0.2940202947757135
44.07,0.7059476003879828,0.000008811229980665238,0.2940435883820366
44.08,0.7059243121889616,0.000008810369982065422,0.29406687744105636
44.09,0.7059010285350982,0.000008809510253952312,0.2940901619546479
44.1,0.7058777470968376,0.000008808650710248379,0.29411344425245217
44.11,0.7058544725281275,0.00000880779152269987,0.2941367196803498
44.12,0.705831202498961,0.000008806932605202431,0.2941599905684338
44.13,0.7058079370074685,0.000008806073957611057,0.29418325691857394
44.14,0.7057846760517821,0.000008805215579780892,0.29420651873263814
44.15,0.7057614196300355,0.000008804357471567156,0.29422977601249295
44.160000000000004,0.7057381677403629,0.000008803499632825195,0.29425302876000425
44.17,0.7057149203808988,0.000008802642063410412,0.2942762769770378
44.18,0.705691677549781,0.000008801784763178406,0.2942995206654558
44.19,0.705668439245147,0.000008800927731984829,0.294322759827121
44.2,0.7056452031419835,0.00000880007088402264,0.29434599678713247
44.21,0.7056219738851875,0.000008799214390500205,0.29436922690042194
44.22,0.7055987491492959,0.00000879835816558383,0.29439245249253854
44.230000000000004,0.7055755289324516,0.00000879750220912963,0.2944156735653393
44.24,0.7055523132327988,0.000008796646520993836,0.29443889012068025
44.25,0.7055291020484812,0.000008795791101032713,0.2944621021604178
44.26,0.7055058953776454,0.000008794935949102711,0.29448530968640546
44.27,0.7054826932184396,0.000008794081065060402,0.29450851270049533
44.28,0.7054594955690111,0.000008793226448762379,0.29453171120454014
44.29,0.7054363024275101,0.000008792372100065412,0.29455490520038985
44.300000000000004,0.7054131114734489,0.000008791517933431621,0.2945780970086177
44.31,0.7053899273427057,0.000008790664119534169,0.2946012819931748
44.32,0.7053667477143463,0.000008789810572808694,0.29462446247508095
44.33,0.7053435725865239,0.000008788957293112347,0.29464763845618297
44.34,0.7053204019573948,0.000008788104280302434,0.29467080993832495
44.35,0.7052972358251144,0.000008787251534236335,0.29469397692335136
44.36,0.7052740741878417,0.000008786399054771583,0.2947171394131035
44.37,0.705250917043735,0.000008785546841765771,0.29474029740942326
44.38,0.7052277643909538,0.000008784694895076598,0.2947634509141511
44.39,0.705204616227661,0.000008783843214561982,0.2947865999291245
44.4,0.7051814702378744,0.000008782991714951628,0.29480974677041066
44.410000000000004,0.7051583310484928,0.00000878214056638648,0.29483288681094083
44.42,0.7051351963430893,0.00000878128968356995,0.29485602236722713
44.43,0.7051120661198295,0.000008780439066360288,0.29487915344110416
44.44,0.7050889403768811,0.000008779588714615885,0.29490228003440433
44.45,0.7050658191124117,0.000008778738628195179,0.29492540214896007
44.46,0.7050427023245902,0.000008777888806956749,0.29494851978660286
44.47,0.705019590011588,0.0000087770392507593,0.29497163294916123
44.480000000000004,0.7049964821715764,0.000008776189959461603,0.2949947416384641
44.49,0.7049733788027271,0.000008775340932922518,0.29501784585633994
44.5,0.7049502775935493,0.000008774492086138159,0.2950409479143645
44.51,0.7049271831619967,0.000008773643588719946,0.29506404319441465
44.52,0.7049040931961321,0.000008772795355637696,0.2950871340085122
44.53,0.7048810076941339,0.000008771947386750732,0.2951102203584794
44.54,0.7048579266541799,0.000008771099681918479,0.2951333022461382
44.550000000000004,0.7048348500744492,0.000008770252241000437,0.29515637967330977
44.56,0.7048117779531233,0.000008769405063856279,0.29517945264181283
44.57,0.7047887102883839,0.000008768558150345712,0.2952025211534658
44.58,0.7047656470784142,0.000008767711500328614,0.2952255852100855
44.59,0.7047425883213988,0.000008766865113664927,0.29524864481348756
44.6,0.7047195317103144,0.000008766018905615521,0.29527170227078
44.61,0.7046964818542084,0.00000876517304526522,0.2952947529727463
44.62,0.704673436445615,0.00000876432744784879,0.2953177992269372
44.63,0.7046503954827247,0.000008763482113226637,0.2953408410351621
44.64,0.7046273589637245,0.000008762637041259116,0.2953638783992342
44.65,0.7046043268867717,0.000008761792231805666,0.29538691132099654
44.660000000000004,0.7045812992501326,0.000008760947684729616,0.2954099398021827
44.67,0.7045582760519595,0.000008760103399890225,0.2954329638446406
44.68,0.7045352572904489,0.000008759259377148505,0.295455983450174
44.69,0.7045122429637968,0.000008758415616365462,0.29547899862058685
44.7,0.7044892307694315,0.00000875757203306536,0.29550201165853546
44.71,0.7044662253075294,0.00000875672879580921,0.29552501796367475
44.72,0.7044432242750795,0.000008755885820095346,0.29554801983910034
44.730000000000004,0.7044202276702805,0.00000875504310578514,0.2955710172866138
44.74,0.7043972354913337,0.000008754200652740128,0.2955940103080136
44.75,0.7043742477364426,0.000008753358460821953,0.2956169989050965
44.76,0.7043512644038094,0.000008752516529892292,0.2956399830796608
44.77,0.7043282854916396,0.000008751674859813028,0.2956629628335006
44.78,0.7043053109981378,0.00000875083345044603,0.2956859381684118
44.79,0.7042823409215123,0.000008749992301653397,0.295708909086186
44.800000000000004,0.7042593729636244,0.0000087491513292214,0.2957318778850464
44.81,0.7042364117158154,0.00000874831070118996,0.2957548399734834
44.82,0.7042134548795088,0.000008747470333319542,0.2957777976501579
44.83,0.7041905024529147,0.00000874663022547257,0.2958007509168598
44.84,0.7041675544342473,0.000008745790377511642,0.2958236997753752
44.85,0.7041446108217186,0.000008744950789299376,0.2958466442274921
44.86,0.7041216716135443,0.000008744111460698537,0.295869584274995
44.87,0.7040987368079394,0.000008743272391571986,0.295892519919669
44.88,0.7040758064031208,0.000008742433581782652,0.29591545116329737
44.89,0.7040528803973061,0.00000874159503119359,0.29593837800766276
44.9,0.7040299564967744,0.000008740756655851811,0.2959613027465698
44.910000000000004,0.7040070392840656,0.000008739918623278783,0.2959842207973111
44.92,0.7039841264650227,0.00000873908084949588,0.2960071344541278
44.93,0.703961218037867,0.000008738243334366508,0.2960300437187986
44.94,0.7039383140008216,0.000008737406077754235,0.2960529485931006
44.95,0.7039154143521112,0.000008736569079522732,0.29607584907880924
44.96,0.7038925190899608,0.000008735732339535741,0.2960987451776997
44.97,0.7038696282125982,0.000008734895857657181,0.2961216368915441
44.980000000000004,0.7038467417182507,0.00000873405963375099,0.29614452422211557
44.99,0.7038238596051478,0.000008733223667681279,0.2961674071711845
45,0.7038009795839649,0.000008732387875754241,0.29619028802815933
45.01,0.7037781062284801,0.000008731552424975842,0.2962131622190949
45.02,0.7037552372489324,0.000008730717231626696,0.29623603203383597
45.03,0.7037323726435565,0.000008729882295571327,0.29625889747414796
45.04,0.7037095124105858,0.000008729047616674278,0.29628175854179756
45.050000000000004,0.7036866565482557,0.000008728213194800239,0.2963046152385495
45.06,0.7036638050548039,0.000008727379029814008,0.29632746756616635
45.07,0.7036409579284671,0.000008726545121580428,0.2963503155264113
45.08,0.7036181151674848,0.000008725711469964511,0.29637315912104517
45.09,0.703595276770097,0.00000872487807483133,0.2963959983518281
45.1,0.7035724404513571,0.000008724044852744946,0.2964188355037901
45.11,0.703549610776318,0.000008723211970198493,0.29644166601171185
45.12,0.7035267854595993,0.00000872237934373061,0.2964644921610569
45.13,0.703503964499445,0.000008721546973206759,0.2964873139535818
45.14,0.7034811478941003,0.000008720714858492516,0.2965101313910412
45.15,0.7034583356418126,0.000008719882999453585,0.29653294447518797
45.160000000000004,0.7034355277408294,0.000008719051395955756,0.29655575320777466
45.17,0.7034127241893989,0.000008718220047864884,0.2965785575905532
45.18,0.703389924985771,0.000008717388955046959,0.29660135762527395
45.19,0.7033671301281941,0.000008716558117367976,0.2966241533136886
45.2,0.7033443373360884,0.000008715727451648656,0.29664694693646
45.21,0.7033215511658107,0.000008714897123871876,0.29666973393706536
45.22,0.7032987693363454,0.000008714067050832925,0.2966925165966038
45.230000000000004,0.7032759918459466,0.000008713237232398286,0.296715294916821
45.24,0.7032532186928716,0.00000871240766843451,0.29673806889946
45.25,0.7032304498753772,0.000008711578358808306,0.296760838546264
45.26,0.7032076853917202,0.000008710749303386221,0.29678360385897645
45.27,0.7031849252401634,0.00000870992050203561,0.29680636483933454
45.28,0.7031621694189656,0.000008709091954623038,0.2968291214890798
45.29,0.7031394179263882,0.000008708263661015711,0.29685187380995076
45.300000000000004,0.7031166684861928,0.000008707435538289385,0.2968746240782689
45.31,0.703093925646078,0.000008706607751919414,0.2968973677461701
45.32,0.7030711871293741,0.000008705780218956415,0.29692010709040695
45.33,0.7030484529343476,0.000008704952939267857,0.29694284211271316
45.34,0.7030257230592656,0.000008704125912721298,0.2969655728148217
45.35,0.7030029975023929,0.000008703299139184282,0.2969882991984679
45.36,0.7029802762620049,0.00000870247261852478,0.2970110212653766
45.37,0.7029575593363685,0.000008701646350610527,0.2970337390172809
45.38,0.7029348467237538,0.000008700820335309435,0.29705645245591084
45.39,0.702912138422434,0.000008699994572489574,0.29707916158299347
45.4,0.7028894321604999,0.000008699168979480698,0.2971018686705206
45.410000000000004,0.7028667324770224,0.000008698343721253051,0.2971245691792564
45.42,0.7028440370996625,0.00000869751871511133,0.2971472653816224
45.43,0.7028213460266973,0.000008696693960923981,0.29716995727934176
45.44,0.7027986592564042,0.000008695869458559515,0.29719264487413727
45.45,0.7027759767870622,0.00000869504520788658,0.29721532816772994
45.46,0.7027532986169512,0.000008694221208773902,0.29723800716184
45.47,0.7027306247443509,0.000008693397461090268,0.29726068185818805
45.480000000000004,0.7027079551675438,0.000008692573964704609,0.2972833522584915
45.49,0.7026852898848126,0.000008691750719485928,0.2973060183644679
45.5,0.7026626266285565,0.00000869092764301646,0.2973286824438005
45.51,0.7026399699292589,0.000008690104899764247,0.2973513399658413
45.52,0.7026173175188911,0.000008689282407286583,0.2973739931987016
45.53,0.7025946693957409,0.000008688460165452891,0.29739664214409367
45.54,0.7025720255580965,0.000008687638174132654,0.29741928680372937
45.550000000000004,0.7025493860042468,0.000008686816433195472,0.29744192717932005
45.56,0.7025267507324829,0.000008685994942511043,0.29746456327257453
45.57,0.7025041197410955,0.00000868517370194913,0.29748719508520255
45.58,0.7024814930283774,0.00000868435271137962,0.29750982261891123
45.59,0.7024588705926211,0.00000868353197067246,0.29753244587540817
45.6,0.7024362501705196,0.000008682711397661124,0.29755506711808277
45.61,0.7024136362839994,0.000008681891156313933,0.29757768182484423
45.62,0.7023910266693246,0.0000086810711644395,0.29760029225951096
45.63,0.7023684213247935,0.0000086802514219081,0.2976228984237846
45.64,0.7023458202487126,0.000008679431928590555,0.29764550031935877
45.65,0.7023232234393758,0.000008678612684357186,0.29766809794793986
45.660000000000004,0.7023006308950842,0.000008677793689078625,0.2976906913112267
45.67,0.7022780426141388,0.000008676974942625593,0.29771328041091855
45.68,0.7022554585948434,0.000008676156444868944,0.29773586524871176
45.69,0.7022328788355005,0.000008675338195679555,0.29775844582630384
45.7,0.7022103010770792,0.000008674520113140838,0.2977810244028077
45.71,0.7021877298329845,0.00000867370236072401,0.29780359646465476
45.72,0.7021651628437602,0.00000867288485648777,0.2978261642713833
45.730000000000004,0.7021426001077133,0.000008672067600303396,0.29784872782468635
45.74,0.7021200416231553,0.000008671250592042355,0.2978712871262526
45.75,0.702097487388396,0.000008670433831576127,0.2978938421777725
45.76,0.7020749374017446,0.000008669617318776234,0.2979163929809366
45.77,0.7020523916615157,0.000008668801053514442,0.29793893953743084
45.78,0.702029850166019,0.000008667985035662392,0.2979614818489453
45.79,0.7020073129135705,0.000008667169265092014,0.29798401991716433
45.800000000000004,0.7019847776493964,0.000008666353660135279,0.2980065559969435
45.81,0.7019622488784151,0.000008665538383768918,0.2980290855832012
45.82,0.70193972434543,0.00000866472335430035,0.29805161093121574
45.83,0.7019172040487598,0.000008663908571601823,0.2980741320426686
45.84,0.7018946879867232,0.000008663094035545648,0.2980966489192413
45.85,0.701872176157641,0.00000866227974600427,0.29811916156261303
45.86,0.7018496685598347,0.000008661465702850194,0.2981416699744625
45.87,0.7018271651916279,0.000008660651905956118,0.2981641741564661
45.88,0.7018046660513406,0.000008659838355194581,0.2981866741103042
45.89,0.701782171137299,0.000008659025050438448,0.29820916983765056
45.9,0.7017596781989713,0.000008658211910267035,0.2982316635891184
45.910000000000004,0.7017371917328215,0.000008657399097165077,0.2982541508680814
45.92,0.7017147094878964,0.000008656586529687459,0.2982766339255739
45.93,0.7016922314625232,0.000008655774207707295,0.29829911276326904
45.94,0.701669757655034,0.000008654962131097927,0.2983215873828349
45.95,0.7016472880637576,0.000008654150299732662,0.29834405778594264
45.96,0.7016248226870274,0.000008653338713484989,0.2983665239742591
45.97,0.7016023615231749,0.000008652527372228416,0.29838898594945285
45.980000000000004,0.7015799045705337,0.000008651716275836582,0.2984114437131905
45.99,0.7015574518274371,0.00000865090542418314,0.2984338972671387
46,0.7015350010475778,0.000008650094736093448,0.29845634885768607
46.01,0.7015125567190008,0.000008649284373562855,0.29847879399662564
46.02,0.7014901165949794,0.000008648474255392406,0.2985012349307652
46.03,0.7014676806738516,0.000008647664381456163,0.29852367166176697
46.04,0.7014452489539575,0.000008646854751628338,0.29854610419129085
46.050000000000004,0.7014228214336372,0.000008646045365783155,0.298568532520997
46.06,0.7014003981112329,0.000008645236223795009,0.2985909566525433
46.07,0.7013779789850867,0.000008644427325538328,0.29861337658758774
46.08,0.7013555640535426,0.000008643618670887671,0.29863579232778653
46.09,0.7013331533149446,0.000008642810259717651,0.2986582038747957
46.1,0.7013107445271939,0.00000864200201109839,0.298680613470795
46.11,0.7012883421699456,0.000008641194086538236,0.2987030166359678
46.12,0.7012659440006849,0.000008640386405083207,0.29872541561291005
46.13,0.7012435500177588,0.000008639578966608247,0.2987478104032745
46.14,0.7012211602195182,0.000008638771770988486,0.2987702010087108
46.15,0.7011987746043126,0.000008637964818099055,0.29879258743086934
46.160000000000004,0.7011763931704943,0.000008637158107815254,0.29881496967139787
46.17,0.7011540159164164,0.000008636351640012456,0.29883734773194365
46.18,0.7011316428404313,0.000008635545414566075,0.29885972161415414
46.19,0.7011092739408948,0.000008634739431351675,0.2988820913196738
46.2,0.7010869069798985,0.000008633933609682868,0.2989044590864918
46.21,0.7010645464287432,0.000008633128110583579,0.2989268204431463
46.22,0.7010421900491061,0.000008632322853343423,0.2989491776280406
46.230000000000004,0.7010198378393455,0.000008631517837838284,0.2989715306428166
46.24,0.700997489797821,0.00000863071306394417,0.2989938794891151
46.25,0.700975145922894,0.000008629908531537148,0.2990162241685745
46.26,0.7009528062129295,0.00000862910424049353,0.29903856468282997
46.27,0.7009304706662861,0.0000086283001906895,0.2990609010335232
46.28,0.7009081392813227,0.000008627496382001153,0.29908323322229535
46.29,0.7008858120564091,0.000008626692814305125,0.2991055612507766
46.300000000000004,0.700863486757811,0.000008625889407157282,0.2991278873527819
46.31,0.700841167848509,0.000008625086321099628,0.29915020706516987
46.32,0.7008188530943552,0.000008624283475664101,0.29917252262216915
46.33,0.7007965424937186,0.000008623480870727522,0.2991948340254107
46.34,0.700774236044969,0.000008622678506166792,0.2992171412765248
46.35,0.700751933746477,0.00000862187638185888,0.2992394443771411
46.36,0.7007296355966138,0.000008621074497680842,0.2992617433288885
46.37,0.7007073415937516,0.0000086202728535098,0.2992840381333949
46.38,0.7006850517362643,0.000008619471449223044,0.2993063287922865
46.39,0.7006627660225252,0.000008618670284697847,0.2993286153071901
46.4,0.7006404822229616,0.000008617869279731182,0.29935089990775865
46.410000000000004,0.7006182047922619,0.000008617068594385459,0.2993731781391437
46.42,0.7005959315004407,0.00000861626814843384,0.29939545223141084
46.43,0.700573662345877,0.000008615467941754033,0.29941772218618123
46.44,0.7005513973269487,0.00000861466797422377,0.29943998800507704
46.45,0.7005291364420363,0.000008613868245720907,0.29946224968971796
46.46,0.7005068796895221,0.000008613068756123433,0.2994845072417218
46.47,0.7004846270677869,0.00000861226950530932,0.29950676066270776
46.480000000000004,0.7004623785752148,0.000008611470493156738,0.2995290099542921
46.49,0.7004401342101886,0.000008610671719543836,0.2995512551180919
46.5,0.7004178917472774,0.00000860987310450738,0.29957349837961805
46.51,0.7003956556329128,0.000008609074807632687,0.2995957352922795
46.52,0.7003734236412552,0.000008608276748932928,0.29961796808199587
46.53,0.7003511957706909,0.000008607478928286597,0.2996401967503808
46.54,0.7003289720196091,0.000008606681345572351,0.29966242129904536
46.550000000000004,0.7003067523863998,0.000008605884000668917,0.2996846417295995
46.56,0.7002845368694541,0.000008605086893455133,0.29970685804365244
46.57,0.7002623254671632,0.00000860429002380988,0.29972907024281303
46.58,0.7002401181779222,0.00000860349339161223,0.2997512783286862
46.59,0.7002179150001215,0.000008602696996741161,0.2997734823028817
46.6,0.7001957137124567,0.000008601900759471922,0.29979568438678383
46.61,0.7001735187531366,0.000008601104838915408,0.2998178801420245
46.62,0.7001513279004458,0.000008600309155323263,0.2998400717903989
46.63,0.700129141152782,0.000008599513708574946,0.2998622593335094
46.64,0.7001069585085445,0.000008598718498549976,0.2998844427729569
46.65,0.7000847799661325,0.000008597923525127951,0.29990662211034236
46.660000000000004,0.7000626055239465,0.00000859712878818856,0.2999287973472653
46.67,0.7000404351803875,0.000008596334287611558,0.2999509684853249
46.68,0.7000182689338589,0.000008595540023276835,0.2999731355261178
46.69,0.6999961067827635,0.000008594745995064319,0.29999529847124146
46.7,0.6999739465099049,0.000008593952123486627,0.30001745953797165
46.71,0.6999517925452995,0.000008593158567182326,0.30003961429613335
46.72,0.6999296426713453,0.000008592365246640624,0.3000617649634081
46.730000000000004,0.6999074968864475,0.000008591572161741782,0.30008391154139075
46.74,0.6998853551890144,0.000008590779312366173,0.30010605403167323
46.75,0.6998632175774561,0.00000858998669839428,0.30012819243584554
46.76,0.6998410840501823,0.000008589194319706656,0.30015032675549796
46.77,0.6998189546056037,0.000008588402176183915,0.3001724569922201
46.78,0.6997968292421327,0.000008587610267706785,0.30019458314759956
46.79,0.6997747079581816,0.000008586818594156057,0.3002167052232242
46.800000000000004,0.6997525885406498,0.000008586027076280546,0.3002388254322739
46.81,0.6997304754113913,0.000008585235872248926,0.3002609393527364
46.82,0.6997083663568981,0.000008584444902786637,0.3002830491981991
46.83,0.6996862613755871,0.000008583654167774848,0.3003051549702451
46.84,0.6996641604658743,0.000008582863667094734,0.30032725667045856
46.85,0.699642063626182,0.000008582073400627729,0.30034935430041737
46.86,0.6996199708549271,0.000008581283368255145,0.3003714478617046
46.87,0.6995978821505315,0.000008580493569858511,0.30039353735589863
46.88,0.699575797511416,0.000008579704005319377,0.30041562278457873
46.89,0.699553716936003,0.000008578914674519404,0.30043770414932247
46.9,0.6995316382152691,0.000008578125498442323,0.3004597836592325
46.910000000000004,0.6995095657629388,0.00000857733663478933,0.30048185690042645
46.92,0.6994874973695845,0.000008576548004520967,0.300503926082411
46.93,0.6994654330336314,0.000008575759607519204,0.3005259912067611
46.94,0.6994433727535077,0.000008574971443666157,0.30054805227504866
46.95,0.6994213165276411,0.000008574183512843945,0.3005701092888461
46.96,0.6993992643544605,0.000008573395814934877,0.3005921622497245
46.97,0.6993772162323955,0.000008572608349821209,0.30061421115925474
46.980000000000004,0.6993551721598776,0.000008571821117385401,0.30063625601900495
46.99,0.6993331321353383,0.000008571034117509937,0.3006582968305442
47,0.6993110939538154,0.000008570247271412289,0.3006803357989132
47.01,0.6992890620209379,0.000008569460736328594,0.30070236851832577
47.02,0.6992670341313403,0.000008568674433453236,0.3007243971942263
47.03,0.6992450102834579,0.000008567888362669049,0.30074642182817946
47.04,0.6992229904757276,0.000008567102523858943,0.3007684424217486
47.050000000000004,0.699200974706591,0.000008566316916906037,0.30079045897649204
47.06,0.6991789629744739,0.000008565531541693097,0.3008124714939844
47.07,0.6991569552778274,0.000008564746398103571,0.3008344799757745
47.08,0.6991349516150878,0.000008563961486020623,0.3008564844234262
47.09,0.6991129519846963,0.00000856317680532759,0.30087848483849844
47.1,0.6990909541857369,0.000008562392277474505,0.30090048342198567
47.11,0.6990689626157723,0.000008561608059234748,0.30092247577616843
47.12,0.6990469750734847,0.000008560824072035375,0.3009444641024433
47.13,0.6990249915573191,0.000008560040315760066,0.30096644840236514
47.14,0.6990030120657217,0.000008559256790292588,0.30098842867748804
47.15,0.6989810365971387,0.00000855847349551674,0.30101040492936576
47.160000000000004,0.6989590651500172,0.000008557690431316424,0.3010323771595515
47.17,0.6989370977228065,0.000008556907597575666,0.30105434536959585
47.18,0.698915134313956,0.000008556124994178525,0.3010763095610498
47.19,0.6988931749219154,0.00000855534262100915,0.3010982697354636
47.2,0.6988712173497998,0.000008554560399748998,0.3011202280898004
47.21,0.6988492659871359,0.000008553778486710963,0.3011421802343774
47.22,0.6988273186366395,0.0000085529968035537,0.3011641283665569
47.230000000000004,0.6988053752967643,0.000008552215350161664,0.3011860724878855
47.24,0.6987834359659647,0.000008551434126419419,0.30120801259990887
47.25,0.6987615006426955,0.00000855065313221157,0.3012299487041723
47.26,0.6987395693254155,0.00000854987236742291,0.3012518808022171
47.27,0.6987176420125818,0.000008549091831938262,0.30127380889558625
47.28,0.6986957187026526,0.000008548311525642471,0.3012957329858218
47.29,0.6986737993940876,0.00000854753144842055,0.301317653074464
47.300000000000004,0.6986518818940166,0.000008546751522184179,0.3013395713544612
47.31,0.6986299705839638,0.00000854597190278817,0.3013614834441334
47.32,0.6986080632706584,0.000008545192512121425,0.30138339153682947
47.33,0.6985861599525633,0.000008544413350069215,0.3014052956340866
47.34,0.6985642606281446,0.000008543634416516997,0.3014271957374389
47.35,0.698542365295866,0.000008542855711350196,0.30144909184842267
47.36,0.6985204739541941,0.000008542077234454382,0.3014709839685714
47.37,0.698498586601595,0.000008541298985715165,0.3014928720994193
47.38,0.6984767032365363,0.000008540520965018235,0.3015147562424987
47.39,0.6984548238574873,0.000008539743172249413,0.3015366363993405
47.4,0.6984329462755762,0.000008538965529549434,0.3015585147588943
47.410000000000004,0.6984110748643528,0.000008538188192317241,0.30158038694745487
47.42,0.6983892074345508,0.000008537411082671013,0.3016022551543665
47.43,0.6983673439846414,0.00000853663420049684,0.30162411938115813
47.44,0.6983454845130969,0.000008535857545680876,0.30164597962935746
47.45,0.6983236290183926,0.00000853508111810944,0.3016678359004893
47.46,0.698301777499003,0.00000853430491766887,0.30168968819607933
47.47,0.6982799299534043,0.000008533528944245615,0.3017115365176515
47.480000000000004,0.6982580863800727,0.00000853275319772617,0.3017333808667296
47.49,0.6982362467774864,0.00000853197767799714,0.3017552212448356
47.5,0.6982144089607584,0.00000853120230742721,0.3017770598369342
47.51,0.6981925772954944,0.000008530427240961745,0.3017988922772646
47.52,0.6981707495964057,0.000008529652400946623,0.30182072075119337
47.53,0.698148925861989,0.000008528877787269387,0.30184254526022375
47.54,0.6981271060907184,0.000008528103399816685,0.30186436580588183
47.550000000000004,0.6981052902810772,0.000008527329238475633,0.3018861823896844
47.56,0.6980834784315492,0.00000852655530313335,0.3019079950131477
47.57,0.698061670540619,0.000008525781593677072,0.3019298036777874
47.58,0.6980398666067721,0.000008525008109994154,0.3019516083851179
47.59,0.6980180666284961,0.000008524234851971974,0.30197340913665194
47.6,0.6979962684248718,0.000008523461742205973,0.301995208113386
47.61,0.6979744763535939,0.000008522688935190225,0.3020170009574709
47.62,0.6979526882333507,0.000008521916353497828,0.30203878985029586
47.63,0.6979309040626324,0.000008521143997016483,0.3020605747933706
47.64,0.6979091238399286,0.000008520371865633933,0.3020823557882057
47.65,0.6978873475637344,0.000008519599959238144,0.3021041328363064
47.660000000000004,0.697865575232541,0.000008518828277717018,0.30212590593918126
47.67,0.697843806844842,0.000008518056820958571,0.302147675098337
47.68,0.6978220423991316,0.000008517285588850886,0.30216944031527954
47.69,0.6978002818939064,0.000008516514581282197,0.3021912015915123
47.7,0.6977785231522008,0.000008515743721073574,0.30221296110407814
47.71,0.6977567705238261,0.000008514973162270018,0.3022347145030116
47.72,0.6977350218314277,0.000008514202827670444,0.3022564639657447
47.730000000000004,0.697713277073504,0.000008513432717163314,0.30227820949377887
47.74,0.6976915362485538,0.000008512662830637183,0.3022999510886155
47.75,0.6976697993550794,0.000008511893167980735,0.3023216887517526
47.76,0.6976480663915817,0.000008511123729082688,0.3023434224846892
47.77,0.6976263373565634,0.000008510354513831858,0.30236515228892274
47.78,0.697604612248527,0.000008509585522117088,0.3023868781659509
47.79,0.6975828910659777,0.00000850881675382738,0.30240860011726844
47.800000000000004,0.69756117163589,0.00000850804813200842,0.30243032031597794
47.81,0.6975394583002221,0.000008507279810258317,0.3024520344199676
47.82,0.6975177488855588,0.000008506511711600613,0.3024737446027296
47.83,0.6974960433904099,0.000008505743835924664,0.30249545086575413
47.84,0.6974743418132798,0.000008504976183119645,0.30251715321053707
47.85,0.6974526441526797,0.00000850420875307507,0.3025388516385672
47.86,0.6974309504071201,0.000008503441545680442,0.3025605461513342
47.870000000000005,0.6974092605751114,0.000008502674560825322,0.30258223675032775
47.88,0.6973875746551671,0.000008501907798399415,0.3026039234370345
47.89,0.6973658926458003,0.000008501141258292461,0.30262560621294143
47.9,0.6973442123779089,0.00000850037486377356,0.30264728724722734
47.910000000000004,0.6973225381856277,0.000008499608767996168,0.3026689622056043
47.92,0.6973008678994674,0.000008498842894207382,0.30269063325763834
47.93,0.697279201517944,0.000008498077242297227,0.30271230040481373
47.94,0.6972575390395753,0.000008497311812155857,0.3027339636486125
47.95,0.6972358804628794,0.00000849654660367346,0.3027556229905169
47.96,0.697214225786375,0.000008495781616740294,0.30277727843200825
47.97,0.6971925750085811,0.000008495016851246699,0.30279892997456764
47.980000000000004,0.6971709281280198,0.000008494252307083141,0.30282057761967307
47.99,0.6971492851432127,0.000008493487984140131,0.3028422213688031
48,0.6971276438889671,0.000008492723805909092,0.302863863387227
48.01,0.6971060086916245,0.000008491959925101042,0.3028854993484504
48.02,0.6970843773856054,0.00000849119626518548,0.30290713141812947
48.03,0.697062749969435,0.000008490432826053234,0.30292875959773896
48.04,0.6970411264416391,0.000008489669607595188,0.30295038388875334
48.050000000000004,0.6970195068007426,0.000008488906609702212,0.30297200429264765
48.06,0.6969978910452761,0.000008488143832265506,0.30299362081089165
48.07,0.6969762791737677,0.000008487381275176125,0.3030152334449571
48.08,0.6969546711847459,0.000008486618938325235,0.3030368421963158
48.09,0.6969330670767406,0.000008485856821604114,0.30305844706643775
48.1,0.6969114646884544,0.000008485094848725442,0.3030800502166968
48.11,0.6968898683384653,0.000008484333171959983,0.3031016473283627
48.120000000000005,0.696868275865088,0.000008483571714998517,0.30312324056319695
48.13,0.6968466872668571,0.00000848281047773265,0.3031448299226652
48.14,0.6968251025423071,0.000008482049460054045,0.3031664154082328
48.15,0.6968035216899721,0.000008481288661854354,0.30318799702136606
48.160000000000004,0.6967819447083892,0.000008480528083025427,0.30320957476352783
48.17,0.6967603715960948,0.000008479767723459102,0.3032311486361817
48.18,0.6967388023516274,0.000008479007583047356,0.3032527186407895
48.19,0.6967172369735262,0.000008478247661682226,0.30327428477881213
48.2,0.6966956733043723,0.000008477487883296495,0.3032958492077444
48.21,0.6966741156550086,0.000008476728399722811,0.3033174076165917
48.22,0.696652561867633,0.000008475969134872292,0.3033389621632321
48.230000000000004,0.6966310119407845,0.000008475210088637125,0.3033605128491269
48.24,0.6966094658730078,0.000008474451260909783,0.30338205967573134
48.25,0.6965879236628463,0.000008473692651582724,0.30340360264450217
48.26,0.6965663853088445,0.000008472934260548488,0.30342514175689494
48.27,0.6965448508095492,0.000008472176087699736,0.3034466770143631
48.28,0.6965233201635055,0.000008471418132929135,0.3034682084183616
48.29,0.6965017933692612,0.00000847066039612946,0.3034897359703427
48.300000000000004,0.6964802682732627,0.000008469902801452562,0.30351126182393584
48.31,0.6964587491786467,0.000008469145500295138,0.303532781675853
48.32,0.6964372339314765,0.000008468388416787385,0.3035542976801067
48.33,0.696415722530302,0.000008467631550822366,0.30357580983814714
48.34,0.696394214973676,0.000008466874902293252,0.30359731815142166
48.35,0.6963727112601498,0.000008466118471093243,0.3036188226213791
48.36,0.6963512113882756,0.000008465362257115604,0.30364032324946727
48.370000000000005,0.6963297153566081,0.000008464606260253716,0.3036618200371316
48.38,0.6963082231637026,0.00000846385048040103,0.303683312985817
48.39,0.6962867348081133,0.000008463094917451025,0.3037048020969692
48.4,0.6962652481401377,0.000008462339495773546,0.30372628952036657
48.410000000000004,0.6962437674552364,0.000008461584366331463,0.30374777096039723
48.42,0.6962222906033233,0.00000846082945347304,0.3037692485672232
48.43,0.6962008175829579,0.000008460074757092097,0.303790722342285
48.44,0.6961793483926993,0.0000084593202770825,0.30381219228702355
48.45,0.6961578830311085,0.000008458566013338203,0.3038336584028782
48.46,0.6961364214967469,0.000008457811965753254,0.30385512069128734
48.47,0.6961149637881769,0.000008457058134221741,0.3038765791536888
48.480000000000004,0.6960935099039616,0.000008456304518637848,0.3038980337915198
48.49,0.6960720598426647,0.000008455551118895823,0.3039194846062164
48.5,0.6960506114584181,0.000008454797859582355,0.30394093374372233
48.51,0.6960291690390348,0.000008454044891228615,0.303962376916074
48.52,0.6960077304382661,0.000008453292138399892,0.3039838162695955
48.53,0.6959862956546792,0.000008452539600990731,0.30400525180571986
48.54,0.6959648646868426,0.00000845178727889574,0.3040266835258785
48.550000000000004,0.6959434375333249,0.000008451035172009611,0.3040481114315031
48.56,0.6959220141926951,0.000008450283280227069,0.3040695355240247
48.57,0.6959005946635256,0.000008449531603443006,0.30409095580487094
48.58,0.6958791789443864,0.000008448780141552287,0.304112372275472
48.59,0.6958577670338497,0.000008448028894449887,0.30413378493725585
48.6,0.6958363567898698,0.000008447277786938386,0.3041551959323433
48.61,0.6958149524926389,0.00000844652696911929,0.30417660098039195
48.620000000000005,0.6957935519997316,0.000008445776365773857,0.30419800222390264
48.63,0.6957721553097233,0.00000844502597679735,0.30421939966429995
48.64,0.6957507624211907,0.000008444275802085123,0.3042407933030072
48.65,0.6957293733327111,0.000008443525841532571,0.3042621831414474
48.660000000000004,0.695707988042863,0.000008442776095035222,0.30428356918104194
48.67,0.6956866065502235,0.000008442026562488554,0.304304951423214
48.68,0.6956652288533719,0.000008441277243788187,0.3043263298693843
48.69,0.6956438549508898,0.000008440528138829864,0.30434770452097143
48.7,0.6956224827045364,0.000008439779172630889,0.30436907751629094
48.71,0.6956011163869174,0.000008439030494865391,0.3043904445825878
48.72,0.6955797538594126,0.00000843828203052943,0.30441180785855687
48.730000000000004,0.6955583951206064,0.00000843753377951897,0.30443316734561415
48.74,0.695537040169083,0.000008436785741730095,0.30445452304517523
48.75,0.6955156890034289,0.000008436037917058958,0.3044758749586541
48.76,0.6954943416222275,0.000008435290305401678,0.30449722308746713
48.77,0.695472998024068,0.000008434542906654585,0.3045185674330253
48.78,0.6954516582075374,0.000008433795720714013,0.30453990799674185
48.79,0.6954303221712244,0.000008433048747476372,0.30456124478002816
48.800000000000004,0.6954089877806805,0.000008432301912172684,0.30458257991740734
48.81,0.6953876593009484,0.000008431555364051646,0.30460390914368757
48.82,0.6953663345972037,0.000008430809028323191,0.304625234593768
48.83,0.695345013668038,0.000008430062904883993,0.30464655626905707
48.84,0.6953236965120437,0.000008429316993630833,0.30466787417096264
48.85,0.695302383127815,0.000008428571294460567,0.30468918830089053
48.86,0.6952810735139455,0.000008427825807270086,0.3047104986602472
48.870000000000005,0.6952597676690303,0.000008427080531956384,0.30473180525043775
48.88,0.6952384655916657,0.000008426335468416459,0.3047531080728659
48.89,0.6952171672804462,0.000008425590616547493,0.3047744071289372
48.9,0.6951958706047057,0.000008424845901793216,0.30479570454939253
48.910000000000004,0.6951745798219485,0.0000084241014729789,0.3048169960765785
48.92,0.6951532928011319,0.000008423357255527293,0.30483828384161255
48.93,0.6951320095408553,0.000008422613249335756,0.30485956784589535
48.94,0.6951107300397209,0.000008421869454301854,0.3048808480908248
48.95,0.6950894542963294,0.000008421125870323099,0.30490212457780025
48.96,0.6950681823092825,0.00000842038249729708,0.3049233973082202
48.97,0.6950469140771833,0.000008419639335121487,0.30494466628348155
48.980000000000004,0.6950256495986358,0.000008418896383694086,0.3049659315049805
48.99,0.6950043888722439,0.00000841815364291267,0.3049871929741132
49,0.6949831297711038,0.000008417411038432685,0.3050084528178578
49.01,0.694961876545216,0.000008416668718658082,0.30502970678606534
49.02,0.6949406270673023,0.000008415926609223363,0.3050509570060885
49.03,0.6949193813359708,0.000008415184710026632,0.30507220347931924
49.04,0.6948981393498305,0.000008414443020966064,0.30509344620714857
49.050000000000004,0.6948769011074897,0.000008413701541939899,0.3051146851909684
49.06,0.6948556666075594,0.000008412960272846449,0.3051359204321678
49.07,0.6948344358486497,0.000008412219213584085,0.3051571519321367
49.08,0.694813208829372,0.000008411478364051246,0.3051783796922639
49.09,0.6947919855483407,0.000008410737724146514,0.3051996037139352
49.1,0.6947707638824008,0.000008409997219735879,0.3052208261203795
49.11,0.6947495480740743,0.000008409256998804052,0.3052420426689269
49.120000000000005,0.6947283359998343,0.000008408516987196234,0.3052632554831785
49.13,0.6947071276582991,0.000008407777184811273,0.3052844645645161
49.14,0.6946859230480824,0.000008407037591547994,0.30530566991432606
49.15,0.694664722167803,0.000008406298207305353,0.30532687153398974
49.160000000000004,0.6946435250160784,0.00000840555903198235,0.3053480694248896
49.17,0.6946223315915274,0.000008404820065478067,0.3053692635884071
49.18,0.69460114189277,0.000008404081307691634,0.3053904540259223
49.19,0.6945799559184264,0.00000840334275852226,0.3054116407388151
49.2,0.6945587715490799,0.000008402604344045602,0.3054328258465761
49.21,0.6945375930197994,0.000008401866211829095,0.30545400511398874
49.22,0.6945164182107993,0.000008401128287927696,0.3054751806609127
49.230000000000004,0.6944952471207028,0.000008400390572240864,0.305496352488725
49.24,0.6944740797481334,0.00000839965306466818,0.305517520598802
49.25,0.6944529160917167,0.00000839891576510925,0.30553868499251824
49.26,0.6944317561500781,0.000008398178673463775,0.3055598456712484
49.27,0.6944105999218435,0.000008397441789631499,0.30558100263636684
49.28,0.6943894474056432,0.000008396705113512248,0.3056021558892433
49.29,0.6943682986001031,0.00000839596864500594,0.30562330543125193
49.300000000000004,0.6943471513895277,0.0000083952323103968,0.3056444533781619
49.31,0.6943260100015678,0.000008394496256837027,0.30566559550217537
49.32,0.6943048723201561,0.00000839376041059027,0.3056867339194333
49.33,0.6942837383439288,0.000008393024771556702,0.3057078686312997
49.34,0.6942626080715133,0.000008392289339636652,0.30572899963914707
49.35,0.6942414815015553,0.000008391554114730567,0.30575012694432996
49.36,0.6942203586326624,0.000008390819096738166,0.30577125054824084
49.370000000000005,0.6941992394634954,0.000008390084285560562,0.3057923704522191
49.38,0.6941781239926659,0.000008389349681097704,0.305813486657653
49.39,0.6941570122188266,0.000008388615283250536,0.3058345991658901
49.4,0.6941359020299885,0.000008387881018510817,0.3058557100889929
49.410000000000004,0.6941147976463988,0.000008387147033617482,0.30587681520656756
49.42,0.6940936969557094,0.000008386413255041883,0.3058979166310355
49.43,0.6940725999565578,0.000008385679682684858,0.3059190143637595
49.44,0.6940515066475816,0.00000838494631644729,0.3059401084061019
49.45,0.6940304170274241,0.000008384213156230185,0.3059611987594197
49.46,0.6940093310947251,0.000008383480201934576,0.305982285425073
49.47,0.6939882488481283,0.000008382747453461593,0.3060033684044183
49.480000000000004,0.693967170286275,0.000008382014910712385,0.3060244476988143
49.49,0.6939460954078096,0.000008381282573588235,0.3060455233096168
49.5,0.693925022104442,0.000008380550368787546,0.30606659734518926
49.51,0.6939039545890546,0.000008379818442637998,0.3060876655925027
49.52,0.6938828907529903,0.000008379086721817624,0.30610873016028795
49.53,0.6938618305948969,0.000008378355206227934,0.30612979104989685
49.54,0.693840774113421,0.000008377623895770505,0.3061508482626832
49.550000000000004,0.6938197213072113,0.000008376892790346993,0.30617190179999837
49.56,0.6937986721749166,0.000008376161889859087,0.3061929516631935
49.57,0.6937776267151868,0.000008375431194208586,0.30621399785361897
49.58,0.6937565849266728,0.000008374700703297353,0.3062350403726239
49.59,0.6937355468080256,0.000008373970417027257,0.30625607922155734
49.6,0.6937145102546358,0.000008373240262302367,0.30627711650510187
49.61,0.6936934794720462,0.000008372510385041053,0.30629814801756877
49.620000000000005,0.6936724523552821,0.000008371780712127032,0.3063191758640058
49.63,0.6936514289029981,0.000008371051243462486,0.3063402000457584
49.64,0.6936304091138489,0.000008370321978949636,0.3063612205641722
49.65,0.6936093929864906,0.000008369592918490813,0.3063822374205909
49.660000000000004,0.6935883805195795,0.000008368864061988389,0.30640325061635854
49.67,0.6935673717117741,0.000008368135409344807,0.3064242601528166
49.68,0.6935463665617312,0.000008367406960462562,0.30644526603130834
49.69,0.6935253650681107,0.000008366678715244255,0.3064662682531741
49.7,0.69350436512997,0.000008365950600798492,0.3064872689194292
49.71,0.6934833709455387,0.000008365222762636335,0.30650826383169866
49.72,0.6934623804135112,0.000008364495127846241,0.306529255091361
49.730000000000004,0.6934413935325483,0.000008363767696330942,0.3065502426997554
49.74,0.6934204103013132,0.000008363040467993437,0.30657122665821884
49.75,0.6933994307184694,0.000008362313442736654,0.3065922069680878
49.76,0.6933784547826815,0.00000836158662046365,0.30661318363069806
49.77,0.6933574824926134,0.000008360860001077479,0.3066341566473855
49.78,0.6933365138469325,0.000008360133584481357,0.306655126019483
49.79,0.6933155488443052,0.000008359407370578518,0.30667609174832416
49.800000000000004,0.693294585387443,0.000008358681286681204,0.3066970559312703
49.81,0.6932736276672872,0.000008357955477895047,0.30671801437723495
49.82,0.6932526735861883,0.000008357229871512233,0.3067389691839402
49.83,0.6932317231428154,0.000008356504467436231,0.3067599203527171
49.84,0.693210776335839,0.000008355779265570602,0.3067808678848954
49.85,0.6931898331639297,0.000008355054265818949,0.3068018117818045
49.86,0.6931688936257595,0.000008354329468084974,0.3068227520447724
49.870000000000005,0.693147957720001,0.000008353604872272418,0.3068436886751267
49.88,0.6931270254453272,0.000008352880478285109,0.3068646216741945
49.89,0.6931060968004114,0.000008352156286026893,0.3068855510433026
49.9,0.6930851696916094,0.000008351432223012767,0.3069064788761676
49.910000000000004,0.6930642483025989,0.000008350708433944841,0.3069274009889671
49.92,0.6930433305393737,0.000008349984846318044,0.30694831947577994
49.93,0.6930224164006099,0.000008349261460036509,0.30696923433793005
49.94,0.6930015058849854,0.000008348538275004426,0.30699014557673954
49.95,0.6929805989911788,0.000008347815291126082,0.30701105319353006
49.96,0.69295969571787,0.000008347092508305822,0.30703195718962173
49.97,0.6929387960637369,0.000008346369926447973,0.30705285756633666
49.980000000000004,0.6929179000274613,0.000008345647545457041,0.3070737543249932
49.99,0.6928970076077251,0.000008344925365237558,0.3070946474669097
50,0.6928761167145103,0.000008344203313506176,0.30711553908217615
